"genotype","light","NPA","replicate","exp","scan_date","file","hypocotyl_mm"
"Col","Control","none","a_4","4","8/3/12","yuc_EODFR_KN003.tif:0528-0249",2.753
"Col","Control","none","a_4","4","8/3/12","yuc_EODFR_KN003.tif:0582-0377",3.867
"Col","Control","none","a_4","4","8/3/12","yuc_EODFR_KN003.tif:0582-0526",2.839
"Col","Control","none","a_4","4","8/3/12","yuc_EODFR_KN003.tif:0492-0599",1.329
"Col","Control","none","a_4","4","8/3/12","yuc_EODFR_KN003.tif:0646-0665",2.723
"Col","Control","none","a_4","4","8/3/12","yuc_EODFR_KN003.tif:0573-0846",3.45
"Col","Control","none","a_4","4","8/3/12","yuc_EODFR_KN003.tif:0501-1043",3.829
"Col","Control","none","a_4","4","8/3/12","yuc_EODFR_KN003.tif:0568-1199",3.654
"Col","Control","none","a_4","4","8/3/12","yuc_EODFR_KN003.tif:0503-1354",3.14
"Col","Control","none","a_4","4","8/3/12","yuc_EODFR_KN003.tif:0449-1478",2.653
"Col","Control","none","a_4","4","8/3/12","yuc_EODFR_KN003.tif:0537-1548",2.747
"Col","Control","none","a_4","4","8/3/12","yuc_EODFR_KN003.tif:0807-1391",3.648
"Col","Control","none","a_4","4","8/3/12","yuc_EODFR_KN003.tif:0825-1141",3.538
"Col","Control","none","a_4","4","8/3/12","yuc_EODFR_KN003.tif:0901-1028",3.611
"Col","Control","none","a_4","4","8/3/12","yuc_EODFR_KN003.tif:0778-0829",2.61
"Col","Control","none","a_4","4","8/3/12","yuc_EODFR_KN003.tif:0864-0566",3.908
"Col","Control","none","a_4","4","8/3/12","yuc_EODFR_KN003.tif:0893-0248",3.565
"Col","Control","none","a_4","4","8/3/12","yuc_EODFR_KN003.tif:0927-0829",3.29
"Col","Control","none","a_4","4","8/3/12","yuc_EODFR_KN003.tif:0689-1661",2.749
"Col","Control","none","a_4","4","8/3/12","yuc_EODFR_KN003.tif:0975-1300",2.927
"Col","Control","none","a_4","4","8/3/12","yuc_EODFR_KN003.tif:0918-1590",2.628
"Col","Control","none","a_4","4","8/3/12","yuc_EODFR_KN003.tif:1049-1736",2.411
"Col","Control","none","a_4","4","8/3/12","yuc_EODFR_KN003.tif:0936-1834",3.379
"Col","Control","none","a_4","4","8/3/12","yuc_EODFR_KN003.tif:0791-1873",3.369
"Col","Control","none","a_4","4","8/3/12","yuc_EODFR_KN003.tif:0604-1988",1.862
"Col","Control","none","a_4","4","8/3/12","yuc_EODFR_KN003.tif:0552-1694",2.163
"Col","Control","none","a_4","4","8/3/12","yuc_EODFR_KN003.tif:0420-1802",2.84
"yuc2589","Control","none","a_4","4","8/3/12","yuc_EODFR_KN003-1.tif:0648-2334",2.351
"yuc2589","Control","none","a_4","4","8/3/12","yuc_EODFR_KN003-1.tif:0852-2395",2.507
"yuc2589","Control","none","a_4","4","8/3/12","yuc_EODFR_KN003-1.tif:0494-2655",2.131
"yuc2589","Control","none","a_4","4","8/3/12","yuc_EODFR_KN003-1.tif:0801-2807",3.477
"yuc2589","Control","none","a_4","4","8/3/12","yuc_EODFR_KN003-1.tif:0921-2658",3.614
"yuc2589","Control","none","a_4","4","8/3/12","yuc_EODFR_KN003-1.tif:0520-2934",2.799
"yuc2589","Control","none","a_4","4","8/3/12","yuc_EODFR_KN003-1.tif:0913-3092",3.11
"yuc2589","Control","none","a_4","4","8/3/12","yuc_EODFR_KN003-1.tif:0894-3304",4.6
"yuc2589","Control","none","a_4","4","8/3/12","yuc_EODFR_KN003-1.tif:0542-3283",4.163
"yuc2589","Control","none","a_4","4","8/3/12","yuc_EODFR_KN003-1.tif:0495-3554",2.91
"yuc2589","Control","none","a_4","4","8/3/12","yuc_EODFR_KN003-1.tif:0749-3686",3.039
"yuc2589","Control","none","a_4","4","8/3/12","yuc_EODFR_KN003-1.tif:0621-3929",2.791
"Col","Control","none","b_4","4","8/3/12","yuc_EODFR_KN003.tif:1458-0227",3.386
"Col","Control","none","b_4","4","8/3/12","yuc_EODFR_KN003.tif:1401-0356",2.548
"Col","Control","none","b_4","4","8/3/12","yuc_EODFR_KN003.tif:1434-0581",3.644
"Col","Control","none","b_4","4","8/3/12","yuc_EODFR_KN003.tif:1530-0849",2.83
"Col","Control","none","b_4","4","8/3/12","yuc_EODFR_KN003.tif:1664-0525",3.16
"Col","Control","none","b_4","4","8/3/12","yuc_EODFR_KN003.tif:1768-0336",4.26
"Col","Control","none","b_4","4","8/3/12","yuc_EODFR_KN003.tif:1817-0601",3.669
"Col","Control","none","b_4","4","8/3/12","yuc_EODFR_KN003.tif:1742-0894",3.484
"Col","Control","none","b_4","4","8/3/12","yuc_EODFR_KN003.tif:1648-1061",3.689
"Col","Control","none","b_4","4","8/3/12","yuc_EODFR_KN003.tif:1471-1062",2.9
"Col","Control","none","b_4","4","8/3/12","yuc_EODFR_KN003.tif:1392-1367",4.487
"Col","Control","none","b_4","4","8/3/12","yuc_EODFR_KN003.tif:1588-1342",3.336
"Col","Control","none","b_4","4","8/3/12","yuc_EODFR_KN003.tif:1736-1293",2.414
"Col","Control","none","b_4","4","8/3/12","yuc_EODFR_KN003.tif:1885-1178",3.213
"Col","Control","none","b_4","4","8/3/12","yuc_EODFR_KN003.tif:1904-1031",2.49
"Col","Control","none","b_4","4","8/3/12","yuc_EODFR_KN003.tif:1911-0787",3.539
"Col","Control","none","b_4","4","8/3/12","yuc_EODFR_KN003.tif:1943-0629",1.047
"Col","Control","none","b_4","4","8/3/12","yuc_EODFR_KN003.tif:1570-1544",3.258
"Col","Control","none","b_4","4","8/3/12","yuc_EODFR_KN003.tif:1772-1592",4.097
"Col","Control","none","b_4","4","8/3/12","yuc_EODFR_KN003.tif:1751-1808",3.026
"Col","Control","none","b_4","4","8/3/12","yuc_EODFR_KN003.tif:1551-1880",1.185
"Col","Control","none","b_4","4","8/3/12","yuc_EODFR_KN003.tif:1373-1770",3.346
"Col","Control","none","b_4","4","8/3/12","yuc_EODFR_KN003.tif:1341-1590",2.501
"yuc2589","Control","none","b_4","4","8/3/12","yuc_EODFR_KN003.tif:1907-1412",3.057
"yuc2589","Control","none","b_4","4","8/3/12","yuc_EODFR_KN003.tif:1658-2252",4.118
"yuc2589","Control","none","b_4","4","8/3/12","yuc_EODFR_KN003.tif:1470-2430",2.901
"yuc2589","Control","none","b_4","4","8/3/12","yuc_EODFR_KN003.tif:1421-2599",2.201
"yuc2589","Control","none","b_4","4","8/3/12","yuc_EODFR_KN003.tif:1845-2316",4.205
"yuc2589","Control","none","b_4","4","8/3/12","yuc_EODFR_KN003.tif:1793-2597",2.869
"yuc2589","Control","none","b_4","4","8/3/12","yuc_EODFR_KN003.tif:1575-2798",3.389
"yuc2589","Control","none","b_4","4","8/3/12","yuc_EODFR_KN003.tif:1452-3042",4.587
"yuc2589","Control","none","b_4","4","8/3/12","yuc_EODFR_KN003.tif:1633-3014",3.446
"yuc2589","Control","none","b_4","4","8/3/12","yuc_EODFR_KN003.tif:1844-2863",2.135
"yuc2589","Control","none","b_4","4","8/3/12","yuc_EODFR_KN003.tif:1892-3185",4.7
"yuc2589","Control","none","b_4","4","8/3/12","yuc_EODFR_KN003.tif:1787-3358",2.429
"yuc2589","Control","none","b_4","4","8/3/12","yuc_EODFR_KN003.tif:1520-3394",2.276
"yuc2589","Control","none","b_4","4","8/3/12","yuc_EODFR_KN003.tif:1538-3640",2.959
"yuc2589","Control","none","b_4","4","8/3/12","yuc_EODFR_KN003.tif:1490-3792",2.924
"yuc2589","Control","none","b_4","4","8/3/12","yuc_EODFR_KN003.tif:1967-3585",2.083
"yuc2589","Control","none","b_4","4","8/3/12","yuc_EODFR_KN003.tif:1776-3788",1.615
"yuc2589","Control","none","a_4","4","8/3/12","yuc_EODFR_KN003.tif:5524-2339",2.652
"yuc2589","Control","none","a_4","4","8/3/12","yuc_EODFR_KN003.tif:5601-3171",2.766
"yuc2589","Control","none","a_4","4","8/3/12","yuc_EODFR_KN003.tif:5318-3326",3.542
"yuc2589","Control","none","a_4","4","8/3/12","yuc_EODFR_KN003.tif:5493-3429",1.821
"yuc2589","Control","none","a_4","4","8/3/12","yuc_EODFR_KN003.tif:5274-3659",2.325
"yuc2589","Control","none","a_4","4","8/3/12","yuc_EODFR_KN003.tif:5603-3790",2.195
"yuc2589","Control","none","a_4","4","8/3/12","yuc_EODFR_KN003.tif:5666-4013",3.099
"yuc2589","Control","none","a_4","4","8/3/12","yuc_EODFR_KN003.tif:5372-4041",2.117
"Col","EOD-FR","none","a_4","4","8/3/12","yuc_EODFR_KN002.tif:0539-0218",3.431
"Col","EOD-FR","none","a_4","4","8/3/12","yuc_EODFR_KN002.tif:0526-0349",4.828
"Col","EOD-FR","none","a_4","4","8/3/12","yuc_EODFR_KN002.tif:0487-0474",4.205
"Col","EOD-FR","none","a_4","4","8/3/12","yuc_EODFR_KN002.tif:0502-0755",4.041
"Col","EOD-FR","none","a_4","4","8/3/12","yuc_EODFR_KN002.tif:0690-0595",3.98
"Col","EOD-FR","none","a_4","4","8/3/12","yuc_EODFR_KN002.tif:0873-0586",3.931
"Col","EOD-FR","none","a_4","4","8/3/12","yuc_EODFR_KN002.tif:0982-0412",3.683
"Col","EOD-FR","none","a_4","4","8/3/12","yuc_EODFR_KN002.tif:0916-0190",2.894
"Col","EOD-FR","none","a_4","4","8/3/12","yuc_EODFR_KN002.tif:0838-0751",3.162
"Col","EOD-FR","none","a_4","4","8/3/12","yuc_EODFR_KN002.tif:1053-0750",3.2
"Col","EOD-FR","none","a_4","4","8/3/12","yuc_EODFR_KN002.tif:0962-1026",4.246
"Col","EOD-FR","none","a_4","4","8/3/12","yuc_EODFR_KN002.tif:0592-0944",4.393
"Col","EOD-FR","none","a_4","4","8/3/12","yuc_EODFR_KN002.tif:0501-1166",4.271
"Col","EOD-FR","none","a_4","4","8/3/12","yuc_EODFR_KN002.tif:0685-1162",3.617
"Col","EOD-FR","none","a_4","4","8/3/12","yuc_EODFR_KN002.tif:0841-1295",3.836
"Col","EOD-FR","none","a_4","4","8/3/12","yuc_EODFR_KN002.tif:1041-1310",2.92
"Col","EOD-FR","none","a_4","4","8/3/12","yuc_EODFR_KN002.tif:0681-1381",4.238
"Col","EOD-FR","none","a_4","4","8/3/12","yuc_EODFR_KN002.tif:0444-1452",4.501
"Col","EOD-FR","none","a_4","4","8/3/12","yuc_EODFR_KN002.tif:0469-1704",4.503
"Col","EOD-FR","none","a_4","4","8/3/12","yuc_EODFR_KN002.tif:0659-1605",3.65
"Col","EOD-FR","none","a_4","4","8/3/12","yuc_EODFR_KN002.tif:0844-1572",1.597
"Col","EOD-FR","none","a_4","4","8/3/12","yuc_EODFR_KN002.tif:0820-1895",3.712
"Col","EOD-FR","none","a_4","4","8/3/12","yuc_EODFR_KN002.tif:0630-1973",4.371
"Col","EOD-FR","none","a_4","4","8/3/12","yuc_EODFR_KN002.tif:1009-1844",3.758
"Col","EOD-FR","none","a_4","4","8/3/12","yuc_EODFR_KN002.tif:0972-1644",3.42
"yuc2589","EOD-FR","none","a_4","4","8/3/12","yuc_EODFR_KN002.tif:0533-2505",3.159
"yuc2589","EOD-FR","none","a_4","4","8/3/12","yuc_EODFR_KN002.tif:0931-2338",2.884
"yuc2589","EOD-FR","none","a_4","4","8/3/12","yuc_EODFR_KN002.tif:0883-2619",2.006
"yuc2589","EOD-FR","none","a_4","4","8/3/12","yuc_EODFR_KN002.tif:0647-2813",2.678
"yuc2589","EOD-FR","none","a_4","4","8/3/12","yuc_EODFR_KN002.tif:0581-3093",2.389
"yuc2589","EOD-FR","none","a_4","4","8/3/12","yuc_EODFR_KN002.tif:0743-3209",3.055
"yuc2589","EOD-FR","none","a_4","4","8/3/12","yuc_EODFR_KN002.tif:1024-2888",2.287
"yuc2589","EOD-FR","none","a_4","4","8/3/12","yuc_EODFR_KN002.tif:0983-3326",2.432
"yuc2589","EOD-FR","none","a_4","4","8/3/12","yuc_EODFR_KN002.tif:0865-3457",3.289
"yuc2589","EOD-FR","none","a_4","4","8/3/12","yuc_EODFR_KN002.tif:0684-3583",2.983
"yuc2589","EOD-FR","none","a_4","4","8/3/12","yuc_EODFR_KN002.tif:0516-3336",3.004
"yuc2589","EOD-FR","none","a_4","4","8/3/12","yuc_EODFR_KN002.tif:0598-3861",2.48
"yuc2589","EOD-FR","none","a_4","4","8/3/12","yuc_EODFR_KN002.tif:0824-3791",2.876
"yuc2589","EOD-FR","none","a_4","4","8/3/12","yuc_EODFR_KN002.tif:0828-3957",2.874
"Col","EOD-FR","none","b_4","4","8/3/12","yuc_EODFR_KN002.tif:1563-0299",3.251
"Col","EOD-FR","none","b_4","4","8/3/12","yuc_EODFR_KN002.tif:1532-0537",3.17
"Col","EOD-FR","none","b_4","4","8/3/12","yuc_EODFR_KN002.tif:1474-0716",2.799
"Col","EOD-FR","none","b_4","4","8/3/12","yuc_EODFR_KN002.tif:1493-0995",4.268
"Col","EOD-FR","none","b_4","4","8/3/12","yuc_EODFR_KN002.tif:1681-1091",3.701
"Col","EOD-FR","none","b_4","4","8/3/12","yuc_EODFR_KN002.tif:1750-0230",4.215
"Col","EOD-FR","none","b_4","4","8/3/12","yuc_EODFR_KN002.tif:1873-0323",4.154
"Col","EOD-FR","none","b_4","4","8/3/12","yuc_EODFR_KN002.tif:2002-0182",4.719
"Col","EOD-FR","none","b_4","4","8/3/12","yuc_EODFR_KN002.tif:1830-0398",5.04
"Col","EOD-FR","none","b_4","4","8/3/12","yuc_EODFR_KN002.tif:1919-0661",3.76
"Col","EOD-FR","none","b_4","4","8/3/12","yuc_EODFR_KN002.tif:1780-0684",4.438
"Col","EOD-FR","none","b_4","4","8/3/12","yuc_EODFR_KN002.tif:1809-0895",4.338
"Col","EOD-FR","none","b_4","4","8/3/12","yuc_EODFR_KN002.tif:1907-1130",2.519
"Col","EOD-FR","none","b_4","4","8/3/12","yuc_EODFR_KN002.tif:1988-1325",3.921
"Col","EOD-FR","none","b_4","4","8/3/12","yuc_EODFR_KN002.tif:1593-1228",4.366
"Col","EOD-FR","none","b_4","4","8/3/12","yuc_EODFR_KN002.tif:1416-1210",2.147
"Col","EOD-FR","none","b_4","4","8/3/12","yuc_EODFR_KN002.tif:1392-1344",3.606
"Col","EOD-FR","none","b_4","4","8/3/12","yuc_EODFR_KN002.tif:1573-1512",3.624
"Col","EOD-FR","none","b_4","4","8/3/12","yuc_EODFR_KN002.tif:1708-1347",3.374
"Col","EOD-FR","none","b_4","4","8/3/12","yuc_EODFR_KN002.tif:1831-1442",3.118
"Col","EOD-FR","none","b_4","4","8/3/12","yuc_EODFR_KN002.tif:1681-1638",3.841
"Col","EOD-FR","none","b_4","4","8/3/12","yuc_EODFR_KN002.tif:1381-1592",3.302
"Col","EOD-FR","none","b_4","4","8/3/12","yuc_EODFR_KN002.tif:1402-1863",3.547
"Col","EOD-FR","none","b_4","4","8/3/12","yuc_EODFR_KN002.tif:1524-1898",2.996
"Col","EOD-FR","none","b_4","4","8/3/12","yuc_EODFR_KN002.tif:1679-1832",3.366
"Col","EOD-FR","none","b_4","4","8/3/12","yuc_EODFR_KN002.tif:1852-1718",3.552
"Col","EOD-FR","none","b_4","4","8/3/12","yuc_EODFR_KN002.tif:1849-1904",4.211
"yuc2589","EOD-FR","none","b_4","4","8/3/12","yuc_EODFR_KN002.tif:1526-2309",2.751
"yuc2589","EOD-FR","none","b_4","4","8/3/12","yuc_EODFR_KN002.tif:1826-2302",2.588
"yuc2589","EOD-FR","none","b_4","4","8/3/12","yuc_EODFR_KN002.tif:1923-2470",2.419
"yuc2589","EOD-FR","none","b_4","4","8/3/12","yuc_EODFR_KN002.tif:1727-2539",3.005
"yuc2589","EOD-FR","none","b_4","4","8/3/12","yuc_EODFR_KN002.tif:1526-2513",2.879
"yuc2589","EOD-FR","none","b_4","4","8/3/12","yuc_EODFR_KN002.tif:1581-2983",2.87
"yuc2589","EOD-FR","none","b_4","4","8/3/12","yuc_EODFR_KN002.tif:1976-2855",2.694
"yuc2589","EOD-FR","none","b_4","4","8/3/12","yuc_EODFR_KN002.tif:1842-3110",2.27
"yuc2589","EOD-FR","none","b_4","4","8/3/12","yuc_EODFR_KN002.tif:1540-3224",3.043
"yuc2589","EOD-FR","none","b_4","4","8/3/12","yuc_EODFR_KN002.tif:1406-3485",2.503
"yuc2589","EOD-FR","none","b_4","4","8/3/12","yuc_EODFR_KN002.tif:1809-3437",3.491
"yuc2589","EOD-FR","none","b_4","4","8/3/12","yuc_EODFR_KN002.tif:1702-3768",2.984
"yuc2589","EOD-FR","none","b_4","4","8/3/12","yuc_EODFR_KN002.tif:1857-3775",2.521
"yuc2589","EOD-FR","none","b_4","4","8/3/12","yuc_EODFR_KN002.tif:1763-4024",3.059
"yuc2589","EOD-FR","none","b_4","4","8/3/12","yuc_EODFR_KN002.tif:1455-4015",2.159
"Col","EOD-FR","none","a_5","5","8/10/12","yuc_EODFR_KN_081012_1.tif:0423-0341",6.017
"Col","EOD-FR","none","a_5","5","8/10/12","yuc_EODFR_KN_081012_1.tif:0574-0499",5.955
"Col","EOD-FR","none","a_5","5","8/10/12","yuc_EODFR_KN_081012_1.tif:0860-0351",3.019
"Col","EOD-FR","none","a_5","5","8/10/12","yuc_EODFR_KN_081012_1.tif:0840-0561",5.5
"Col","EOD-FR","none","a_5","5","8/10/12","yuc_EODFR_KN_081012_1.tif:0894-0773",4.515
"Col","EOD-FR","none","a_5","5","8/10/12","yuc_EODFR_KN_081012_1.tif:0792-0935",4.694
"Col","EOD-FR","none","a_5","5","8/10/12","yuc_EODFR_KN_081012_1.tif:0544-0768",5.937
"Col","EOD-FR","none","a_5","5","8/10/12","yuc_EODFR_KN_081012_1.tif:0345-0934",5.548
"Col","EOD-FR","none","a_5","5","8/10/12","yuc_EODFR_KN_081012_1.tif:0379-1218",5.66
"Col","EOD-FR","none","a_5","5","8/10/12","yuc_EODFR_KN_081012_1.tif:0606-1068",5.346
"Col","EOD-FR","none","a_5","5","8/10/12","yuc_EODFR_KN_081012_1.tif:0691-1274",4.849
"Col","EOD-FR","none","a_5","5","8/10/12","yuc_EODFR_KN_081012_1.tif:0850-1171",4.972
"Col","EOD-FR","none","a_5","5","8/10/12","yuc_EODFR_KN_081012_1.tif:0506-1379",4.959
"Col","EOD-FR","none","a_5","5","8/10/12","yuc_EODFR_KN_081012_1.tif:0679-1537",4.876
"Col","EOD-FR","none","a_5","5","8/10/12","yuc_EODFR_KN_081012_1.tif:0857-1479",4.537
"Col","EOD-FR","none","a_5","5","8/10/12","yuc_EODFR_KN_081012_1.tif:0418-1647",5.781
"Col","EOD-FR","none","a_5","5","8/10/12","yuc_EODFR_KN_081012_1.tif:0658-1826",5.45
"Col","EOD-FR","none","a_5","5","8/10/12","yuc_EODFR_KN_081012_1.tif:0454-1902",5.591
"Col","EOD-FR","none","a_5","5","8/10/12","yuc_EODFR_KN_081012_1.tif:0862-1774",5.837
"Col","EOD-FR","none","a_5","5","8/10/12","yuc_EODFR_KN_081012_1.tif:0927-1917",5.741
"yuc2589","EOD-FR","none","a_5","5","8/10/12","yuc_EODFR_KN_081012_1.tif:0377-2424",4.317
"yuc2589","EOD-FR","none","a_5","5","8/10/12","yuc_EODFR_KN_081012_1.tif:0350-2743",4.121
"yuc2589","EOD-FR","none","a_5","5","8/10/12","yuc_EODFR_KN_081012_1.tif:0359-2887",3.195
"yuc2589","EOD-FR","none","a_5","5","8/10/12","yuc_EODFR_KN_081012_1.tif:0549-3178",3.974
"yuc2589","EOD-FR","none","a_5","5","8/10/12","yuc_EODFR_KN_081012_1.tif:0387-3320",2.963
"yuc2589","EOD-FR","none","a_5","5","8/10/12","yuc_EODFR_KN_081012_1.tif:0659-2910",4.519
"yuc2589","EOD-FR","none","a_5","5","8/10/12","yuc_EODFR_KN_081012_1.tif:0753-2702",4.72
"yuc2589","EOD-FR","none","a_5","5","8/10/12","yuc_EODFR_KN_081012_1.tif:0953-2524",3.059
"yuc2589","EOD-FR","none","a_5","5","8/10/12","yuc_EODFR_KN_081012_1.tif:0839-3122",2.169
"yuc2589","EOD-FR","none","a_5","5","8/10/12","yuc_EODFR_KN_081012_1.tif:0941-3483",2.105
"yuc2589","EOD-FR","none","a_5","5","8/10/12","yuc_EODFR_KN_081012_1.tif:0659-3632",3.199
"yuc2589","EOD-FR","none","a_5","5","8/10/12","yuc_EODFR_KN_081012_1.tif:0687-3784",3.533
"Col","EOD-FR","none","b_5","5","8/10/12","yuc_EODFR_KN_081012_1.tif:1384-0288",5.216
"Col","EOD-FR","none","b_5","5","8/10/12","yuc_EODFR_KN_081012_1.tif:1369-0485",3.323
"Col","EOD-FR","none","b_5","5","8/10/12","yuc_EODFR_KN_081012_1.tif:1506-0584",4.488
"Col","EOD-FR","none","b_5","5","8/10/12","yuc_EODFR_KN_081012_1.tif:1359-0699",5.466
"Col","EOD-FR","none","b_5","5","8/10/12","yuc_EODFR_KN_081012_1.tif:1298-0841",4.263
"Col","EOD-FR","none","b_5","5","8/10/12","yuc_EODFR_KN_081012_1.tif:1330-1018",3.536
"Col","EOD-FR","none","b_5","5","8/10/12","yuc_EODFR_KN_081012_1.tif:1625-0682",4.874
"Col","EOD-FR","none","b_5","5","8/10/12","yuc_EODFR_KN_081012_1.tif:1840-0382",5.347
"Col","EOD-FR","none","b_5","5","8/10/12","yuc_EODFR_KN_081012_1.tif:1850-0559",5.142
"Col","EOD-FR","none","b_5","5","8/10/12","yuc_EODFR_KN_081012_1.tif:1834-0754",4.872
"Col","EOD-FR","none","b_5","5","8/10/12","yuc_EODFR_KN_081012_1.tif:1797-0925",4.317
"Col","EOD-FR","none","b_5","5","8/10/12","yuc_EODFR_KN_081012_1.tif:1632-0997",4.545
"Col","EOD-FR","none","b_5","5","8/10/12","yuc_EODFR_KN_081012_1.tif:1557-1123",3.7
"Col","EOD-FR","none","b_5","5","8/10/12","yuc_EODFR_KN_081012_1.tif:1659-1282",5.827
"Col","EOD-FR","none","b_5","5","8/10/12","yuc_EODFR_KN_081012_1.tif:1867-1254",4.406
"Col","EOD-FR","none","b_5","5","8/10/12","yuc_EODFR_KN_081012_1.tif:1799-1482",4.619
"Col","EOD-FR","none","b_5","5","8/10/12","yuc_EODFR_KN_081012_1.tif:1633-1608",5.526
"Col","EOD-FR","none","b_5","5","8/10/12","yuc_EODFR_KN_081012_1.tif:1373-1517",5.847
"Col","EOD-FR","none","b_5","5","8/10/12","yuc_EODFR_KN_081012_1.tif:1384-1303",4.788
"Col","EOD-FR","none","b_5","5","8/10/12","yuc_EODFR_KN_081012_1.tif:1319-1742",4.653
"Col","EOD-FR","none","b_5","5","8/10/12","yuc_EODFR_KN_081012_1.tif:1756-1896",5.586
"yuc2589","EOD-FR","none","b_5","5","8/10/12","yuc_EODFR_KN_081012_1.tif:1405-2351",2.929
"yuc2589","EOD-FR","none","b_5","5","8/10/12","yuc_EODFR_KN_081012_1.tif:1695-2577",3.193
"yuc2589","EOD-FR","none","b_5","5","8/10/12","yuc_EODFR_KN_081012_1.tif:1867-2497",2.532
"yuc2589","EOD-FR","none","b_5","5","8/10/12","yuc_EODFR_KN_081012_1.tif:1487-2796",2.403
"yuc2589","EOD-FR","none","b_5","5","8/10/12","yuc_EODFR_KN_081012_1.tif:1707-3048",3.009
"yuc2589","EOD-FR","none","b_5","5","8/10/12","yuc_EODFR_KN_081012_1.tif:1473-3167",4.364
"yuc2589","EOD-FR","none","b_5","5","8/10/12","yuc_EODFR_KN_081012_1.tif:1506-3530",3.137
"yuc2589","EOD-FR","none","b_5","5","8/10/12","yuc_EODFR_KN_081012_1.tif:1794-3374",2.431
"yuc2589","EOD-FR","none","b_5","5","8/10/12","yuc_EODFR_KN_081012_1.tif:1657-3808",3.403
"yuc2589","EOD-FR","none","b_5","5","8/10/12","yuc_EODFR_KN_081012_1.tif:1406-3945",3.679
"Col","Control","none","a_5","5","8/10/12","yuc_EODFR_KN_081012_2.tif:0643-0447",3.394
"Col","Control","none","a_5","5","8/10/12","yuc_EODFR_KN_081012_2.tif:0836-0362",3.524
"Col","Control","none","a_5","5","8/10/12","yuc_EODFR_KN_081012_2.tif:0948-0502",3.386
"Col","Control","none","a_5","5","8/10/12","yuc_EODFR_KN_081012_2.tif:1078-0266",3.53
"Col","Control","none","a_5","5","8/10/12","yuc_EODFR_KN_081012_2.tif:1128-0464",3.378
"Col","Control","none","a_5","5","8/10/12","yuc_EODFR_KN_081012_2.tif:0981-0691",3.635
"Col","Control","none","a_5","5","8/10/12","yuc_EODFR_KN_081012_2.tif:0697-0773",3.265
"Col","Control","none","a_5","5","8/10/12","yuc_EODFR_KN_081012_2.tif:0991-0940",3.789
"Col","Control","none","a_5","5","8/10/12","yuc_EODFR_KN_081012_2.tif:1166-0803",3.653
"Col","Control","none","a_5","5","8/10/12","yuc_EODFR_KN_081012_2.tif:1132-1017",2.942
"Col","Control","none","a_5","5","8/10/12","yuc_EODFR_KN_081012_2.tif:1155-1226",3.528
"Col","Control","none","a_5","5","8/10/12","yuc_EODFR_KN_081012_2.tif:0930-1312",3.599
"Col","Control","none","a_5","5","8/10/12","yuc_EODFR_KN_081012_2.tif:0663-1088",3.568
"Col","Control","none","a_5","5","8/10/12","yuc_EODFR_KN_081012_2.tif:0832-1067",2.874
"Col","Control","none","a_5","5","8/10/12","yuc_EODFR_KN_081012_2.tif:0707-1350",3.094
"Col","Control","none","a_5","5","8/10/12","yuc_EODFR_KN_081012_2.tif:0756-1487",2.842
"Col","Control","none","a_5","5","8/10/12","yuc_EODFR_KN_081012_2.tif:0650-1618",3.247
"Col","Control","none","a_5","5","8/10/12","yuc_EODFR_KN_081012_2.tif:1014-1531",3.391
"Col","Control","none","a_5","5","8/10/12","yuc_EODFR_KN_081012_2.tif:1193-1627",3.326
"Col","Control","none","a_5","5","8/10/12","yuc_EODFR_KN_081012_2.tif:0684-1887",3.556
"Col","Control","none","a_5","5","8/10/12","yuc_EODFR_KN_081012_2.tif:0694-2080",3.156
"Col","Control","none","a_5","5","8/10/12","yuc_EODFR_KN_081012_2.tif:0937-1806",2.888
"Col","Control","none","a_5","5","8/10/12","yuc_EODFR_KN_081012_2.tif:0997-2001",3.567
"Col","Control","none","a_5","5","8/10/12","yuc_EODFR_KN_081012_2.tif:1125-1864",2.693
"Col","Control","none","a_5","5","8/10/12","yuc_EODFR_KN_081012_2.tif:1229-1944",3.171
"yuc2589","Control","none","a_5","5","8/10/12","yuc_EODFR_KN_081012_2.tif:0671-2444",3.039
"yuc2589","Control","none","a_5","5","8/10/12","yuc_EODFR_KN_081012_2.tif:0940-2498",2.811
"yuc2589","Control","none","a_5","5","8/10/12","yuc_EODFR_KN_081012_2.tif:1173-2664",3.314
"yuc2589","Control","none","a_5","5","8/10/12","yuc_EODFR_KN_081012_2.tif:1014-2768",2.67
"yuc2589","Control","none","a_5","5","8/10/12","yuc_EODFR_KN_081012_2.tif:0699-2777",2.594
"yuc2589","Control","none","a_5","5","8/10/12","yuc_EODFR_KN_081012_2.tif:0627-3062",2.865
"yuc2589","Control","none","a_5","5","8/10/12","yuc_EODFR_KN_081012_2.tif:0922-3093",2.87
"yuc2589","Control","none","a_5","5","8/10/12","yuc_EODFR_KN_081012_2.tif:1194-2901",2.876
"yuc2589","Control","none","a_5","5","8/10/12","yuc_EODFR_KN_081012_2.tif:1113-3181",2.912
"yuc2589","Control","none","a_5","5","8/10/12","yuc_EODFR_KN_081012_2.tif:1176-3370",2.471
"yuc2589","Control","none","a_5","5","8/10/12","yuc_EODFR_KN_081012_2.tif:0944-3389",2.871
"yuc2589","Control","none","a_5","5","8/10/12","yuc_EODFR_KN_081012_2.tif:0704-3454",3.048
"yuc2589","Control","none","a_5","5","8/10/12","yuc_EODFR_KN_081012_2.tif:0610-3306",2.724
"yuc2589","Control","none","a_5","5","8/10/12","yuc_EODFR_KN_081012_2.tif:0710-3798",2.974
"yuc2589","Control","none","a_5","5","8/10/12","yuc_EODFR_KN_081012_2.tif:1019-3698",2.153
"yuc2589","Control","none","a_5","5","8/10/12","yuc_EODFR_KN_081012_2.tif:1208-3692",2.806
"Col","Control","none","b_5","5","8/10/12","yuc_EODFR_KN_081012_2.tif:1711-0277",4.007
"Col","Control","none","b_5","5","8/10/12","yuc_EODFR_KN_081012_2.tif:1997-0260",3.166
"Col","Control","none","b_5","5","8/10/12","yuc_EODFR_KN_081012_2.tif:1878-0428",3.466
"Col","Control","none","b_5","5","8/10/12","yuc_EODFR_KN_081012_2.tif:2031-0457",3.65
"Col","Control","none","b_5","5","8/10/12","yuc_EODFR_KN_081012_2.tif:2128-0722",2.895
"Col","Control","none","b_5","5","8/10/12","yuc_EODFR_KN_081012_2.tif:1817-0712",2.757
"Col","Control","none","b_5","5","8/10/12","yuc_EODFR_KN_081012_2.tif:1611-0557",2.352
"Col","Control","none","b_5","5","8/10/12","yuc_EODFR_KN_081012_2.tif:1592-0784",2.159
"Col","Control","none","b_5","5","8/10/12","yuc_EODFR_KN_081012_2.tif:1940-0947",3.967
"Col","Control","none","b_5","5","8/10/12","yuc_EODFR_KN_081012_2.tif:1701-1048",2.495
"Col","Control","none","b_5","5","8/10/12","yuc_EODFR_KN_081012_2.tif:2076-1142",3.857
"Col","Control","none","b_5","5","8/10/12","yuc_EODFR_KN_081012_2.tif:2086-1342",3.377
"Col","Control","none","b_5","5","8/10/12","yuc_EODFR_KN_081012_2.tif:1894-1384",3.516
"Col","Control","none","b_5","5","8/10/12","yuc_EODFR_KN_081012_2.tif:1607-1286",3.288
"Col","Control","none","b_5","5","8/10/12","yuc_EODFR_KN_081012_2.tif:1619-1492",3.612
"Col","Control","none","b_5","5","8/10/12","yuc_EODFR_KN_081012_2.tif:1876-1721",3.859
"Col","Control","none","b_5","5","8/10/12","yuc_EODFR_KN_081012_2.tif:2099-1608",3.541
"Col","Control","none","b_5","5","8/10/12","yuc_EODFR_KN_081012_2.tif:1613-1811",3.282
"Col","Control","none","b_5","5","8/10/12","yuc_EODFR_KN_081012_2.tif:1762-1954",3.043
"Col","Control","none","b_5","5","8/10/12","yuc_EODFR_KN_081012_2.tif:2060-1859",2.705
"yuc2589","Control","none","b_5","5","8/10/12","yuc_EODFR_KN_081012_2.tif:1675-2527",3.116
"yuc2589","Control","none","b_5","5","8/10/12","yuc_EODFR_KN_081012_2.tif:1961-2494",2.097
"yuc2589","Control","none","b_5","5","8/10/12","yuc_EODFR_KN_081012_2.tif:2141-2622",2.926
"yuc2589","Control","none","b_5","5","8/10/12","yuc_EODFR_KN_081012_2.tif:1943-2770",2.642
"yuc2589","Control","none","b_5","5","8/10/12","yuc_EODFR_KN_081012_2.tif:1749-3028",2.327
"yuc2589","Control","none","b_5","5","8/10/12","yuc_EODFR_KN_081012_2.tif:1971-2997",2.952
"yuc2589","Control","none","b_5","5","8/10/12","yuc_EODFR_KN_081012_2.tif:2191-2953",2.307
"yuc2589","Control","none","b_5","5","8/10/12","yuc_EODFR_KN_081012_2.tif:1831-3202",2.321
"yuc2589","Control","none","b_5","5","8/10/12","yuc_EODFR_KN_081012_2.tif:1736-3553",2.875
"yuc2589","Control","none","b_5","5","8/10/12","yuc_EODFR_KN_081012_2.tif:2075-3387",3.229
"yuc2589","Control","none","b_5","5","8/10/12","yuc_EODFR_KN_081012_2.tif:2191-3619",3.152
"yuc2589","Control","none","b_5","5","8/10/12","yuc_EODFR_KN_081012_2.tif:2010-3725",2.589
"yuc2589","Control","none","b_5","5","8/10/12","yuc_EODFR_KN_081012_2.tif:1681-3735",2.504
"yuc2589","Control","none","b_5","5","8/10/12","yuc_EODFR_KN_081012_2.tif:1728-3907",2.713
"yuc2589","Control","none","b_5","5","8/10/12","yuc_EODFR_KN_081012_2.tif:1928-4031",3.307
"yuc2589","Control","none","b_5","5","8/10/12","yuc_EODFR_KN_081012_2.tif:2129-3901",2.798
"Col","EOD-FR","none","a_6","6","8/17/12","yuc_EODFR_KN_081712_001.tif:0579-0256",4.349
"Col","EOD-FR","none","a_6","6","8/17/12","yuc_EODFR_KN_081712_001.tif:0287-0389",4.187
"Col","EOD-FR","none","a_6","6","8/17/12","yuc_EODFR_KN_081712_001.tif:0525-0444",4.159
"Col","EOD-FR","none","a_6","6","8/17/12","yuc_EODFR_KN_081712_001.tif:0248-0605",4.538
"Col","EOD-FR","none","a_6","6","8/17/12","yuc_EODFR_KN_081712_001.tif:0616-0631",4.471
"Col","EOD-FR","none","a_6","6","8/17/12","yuc_EODFR_KN_081712_001.tif:0746-0515",4.626
"Col","EOD-FR","none","a_6","6","8/17/12","yuc_EODFR_KN_081712_001.tif:0884-0690",3.538
"Col","EOD-FR","none","a_6","6","8/17/12","yuc_EODFR_KN_081712_001.tif:0771-0892",3.991
"Col","EOD-FR","none","a_6","6","8/17/12","yuc_EODFR_KN_081712_001.tif:0279-0810",3.55
"Col","EOD-FR","none","a_6","6","8/17/12","yuc_EODFR_KN_081712_001.tif:0347-1022",4.697
"Col","EOD-FR","none","a_6","6","8/17/12","yuc_EODFR_KN_081712_001.tif:0392-1221",4.901
"Col","EOD-FR","none","a_6","6","8/17/12","yuc_EODFR_KN_081712_001.tif:0444-1436",5.113
"Col","EOD-FR","none","a_6","6","8/17/12","yuc_EODFR_KN_081712_001.tif:0811-1421",4.182
"Col","EOD-FR","none","a_6","6","8/17/12","yuc_EODFR_KN_081712_001.tif:0630-1680",3.952
"Col","EOD-FR","none","a_6","6","8/17/12","yuc_EODFR_KN_081712_001.tif:0523-1901",5.021
"Col","EOD-FR","none","a_6","6","8/17/12","yuc_EODFR_KN_081712_001.tif:0278-1684",3.067
"Col","EOD-FR","none","a_6","6","8/17/12","yuc_EODFR_KN_081712_001.tif:0795-1822",3.583
"Col","EOD-FR","none","a_6","6","8/17/12","yuc_EODFR_KN_081712_001.tif:0334-2091",3.995
"Col","EOD-FR","none","a_6","6","8/17/12","yuc_EODFR_KN_081712_001.tif:0615-2079",2.329
"Col","EOD-FR","none","a_6","6","8/17/12","yuc_EODFR_KN_081712_001.tif:0875-2012",4.078
"yuc2589","EOD-FR","none","a_6","6","8/17/12","yuc_EODFR_KN_081712_001.tif:0463-2648",3.487
"yuc2589","EOD-FR","none","a_6","6","8/17/12","yuc_EODFR_KN_081712_001.tif:0421-2862",3.735
"yuc2589","EOD-FR","none","a_6","6","8/17/12","yuc_EODFR_KN_081712_001.tif:0748-2702",2.84
"yuc2589","EOD-FR","none","a_6","6","8/17/12","yuc_EODFR_KN_081712_001.tif:0771-3031",2.854
"yuc2589","EOD-FR","none","a_6","6","8/17/12","yuc_EODFR_KN_081712_001.tif:0674-3234",4.637
"yuc2589","EOD-FR","none","a_6","6","8/17/12","yuc_EODFR_KN_081712_001.tif:0411-3246",3.975
"yuc2589","EOD-FR","none","a_6","6","8/17/12","yuc_EODFR_KN_081712_001.tif:0736-3465",3.99
"yuc2589","EOD-FR","none","a_6","6","8/17/12","yuc_EODFR_KN_081712_001.tif:0542-3619",3.302
"yuc2589","EOD-FR","none","a_6","6","8/17/12","yuc_EODFR_KN_081712_001.tif:0430-3778",3.077
"yuc2589","EOD-FR","none","a_6","6","8/17/12","yuc_EODFR_KN_081712_001.tif:0659-3942",3.436
"Col","EOD-FR","none","b_6","6","8/17/12","yuc_EODFR_KN_081712_001.tif:1180-0453",4.635
"Col","EOD-FR","none","b_6","6","8/17/12","yuc_EODFR_KN_081712_001.tif:1580-0333",3.642
"Col","EOD-FR","none","b_6","6","8/17/12","yuc_EODFR_KN_081712_001.tif:1605-0595",2.889
"Col","EOD-FR","none","b_6","6","8/17/12","yuc_EODFR_KN_081712_001.tif:1383-0669",4.145
"Col","EOD-FR","none","b_6","6","8/17/12","yuc_EODFR_KN_081712_001.tif:1223-0706",3.746
"Col","EOD-FR","none","b_6","6","8/17/12","yuc_EODFR_KN_081712_001.tif:1580-0816",3.442
"Col","EOD-FR","none","b_6","6","8/17/12","yuc_EODFR_KN_081712_001.tif:1394-0963",4.567
"Col","EOD-FR","none","b_6","6","8/17/12","yuc_EODFR_KN_081712_001.tif:1801-0938",4.01
"Col","EOD-FR","none","b_6","6","8/17/12","yuc_EODFR_KN_081712_001.tif:1670-1169",3.407
"Col","EOD-FR","none","b_6","6","8/17/12","yuc_EODFR_KN_081712_001.tif:1491-1104",4.242
"Col","EOD-FR","none","b_6","6","8/17/12","yuc_EODFR_KN_081712_001.tif:1318-1239",3.922
"Col","EOD-FR","none","b_6","6","8/17/12","yuc_EODFR_KN_081712_001.tif:1537-1274",3.805
"Col","EOD-FR","none","b_6","6","8/17/12","yuc_EODFR_KN_081712_001.tif:1417-1519",4.668
"Col","EOD-FR","none","b_6","6","8/17/12","yuc_EODFR_KN_081712_001.tif:1555-1521",4.067
"Col","EOD-FR","none","b_6","6","8/17/12","yuc_EODFR_KN_081712_001.tif:1193-1619",3.693
"Col","EOD-FR","none","b_6","6","8/17/12","yuc_EODFR_KN_081712_001.tif:1300-1901",5.248
"Col","EOD-FR","none","b_6","6","8/17/12","yuc_EODFR_KN_081712_001.tif:1386-1904",3.731
"Col","EOD-FR","none","b_6","6","8/17/12","yuc_EODFR_KN_081712_001.tif:1759-1767",3.316
"Col","EOD-FR","none","b_6","6","8/17/12","yuc_EODFR_KN_081712_001.tif:1723-2070",4.355
"Col","EOD-FR","none","b_6","6","8/17/12","yuc_EODFR_KN_081712_001.tif:1274-2101",3.94
"yuc2589","EOD-FR","none","b_6","6","8/17/12","yuc_EODFR_KN_081712_001.tif:1275-2454",4.448
"yuc2589","EOD-FR","none","b_6","6","8/17/12","yuc_EODFR_KN_081712_001.tif:1590-2496",4.563
"yuc2589","EOD-FR","none","b_6","6","8/17/12","yuc_EODFR_KN_081712_001.tif:1446-2706",2.841
"yuc2589","EOD-FR","none","b_6","6","8/17/12","yuc_EODFR_KN_081712_001.tif:1288-2798",2.49
"yuc2589","EOD-FR","none","b_6","6","8/17/12","yuc_EODFR_KN_081712_001.tif:1302-3001",4.424
"yuc2589","EOD-FR","none","b_6","6","8/17/12","yuc_EODFR_KN_081712_001.tif:1620-2841",2.679
"yuc2589","EOD-FR","none","b_6","6","8/17/12","yuc_EODFR_KN_081712_001.tif:1778-2772",4.702
"yuc2589","EOD-FR","none","b_6","6","8/17/12","yuc_EODFR_KN_081712_001.tif:1638-3198",3.874
"yuc2589","EOD-FR","none","b_6","6","8/17/12","yuc_EODFR_KN_081712_001.tif:1248-3422",3.413
"yuc2589","EOD-FR","none","b_6","6","8/17/12","yuc_EODFR_KN_081712_001.tif:1557-3514",4.677
"yuc2589","EOD-FR","none","b_6","6","8/17/12","yuc_EODFR_KN_081712_001.tif:1721-3373",3.352
"yuc2589","EOD-FR","none","b_6","6","8/17/12","yuc_EODFR_KN_081712_001.tif:1607-3703",3.214
"yuc2589","EOD-FR","none","b_6","6","8/17/12","yuc_EODFR_KN_081712_001.tif:1279-3781",4.061
"yuc2589","EOD-FR","none","b_6","6","8/17/12","yuc_EODFR_KN_081712_001.tif:1200-3996",2.994
"yuc2589","EOD-FR","none","b_6","6","8/17/12","yuc_EODFR_KN_081712_001.tif:1721-4025",2.868
"Col","Control","none","a_6","6","8/17/12","yuc_EODFR_KN_081712_002.tif:0194-0636",2.211
"Col","Control","none","a_6","6","8/17/12","yuc_EODFR_KN_081712_002.tif:0242-0702",2.467
"Col","Control","none","a_6","6","8/17/12","yuc_EODFR_KN_081712_002.tif:0204-0934",3.155
"Col","Control","none","a_6","6","8/17/12","yuc_EODFR_KN_081712_002.tif:0458-0644",3.791
"Col","Control","none","a_6","6","8/17/12","yuc_EODFR_KN_081712_002.tif:0360-0923",3.152
"Col","Control","none","a_6","6","8/17/12","yuc_EODFR_KN_081712_002.tif:0738-0505",3.106
"Col","Control","none","a_6","6","8/17/12","yuc_EODFR_KN_081712_002.tif:0674-0899",2.898
"Col","Control","none","a_6","6","8/17/12","yuc_EODFR_KN_081712_002.tif:0821-1140",3.099
"Col","Control","none","a_6","6","8/17/12","yuc_EODFR_KN_081712_002.tif:0584-1199",3.049
"Col","Control","none","a_6","6","8/17/12","yuc_EODFR_KN_081712_002.tif:0298-1334",3.609
"Col","Control","none","a_6","6","8/17/12","yuc_EODFR_KN_081712_002.tif:0242-1607",3.117
"Col","Control","none","a_6","6","8/17/12","yuc_EODFR_KN_081712_002.tif:0499-1587",3.64
"Col","Control","none","a_6","6","8/17/12","yuc_EODFR_KN_081712_002.tif:0821-1519",3.206
"Col","Control","none","a_6","6","8/17/12","yuc_EODFR_KN_081712_002.tif:0702-1675",3.084
"Col","Control","none","a_6","6","8/17/12","yuc_EODFR_KN_081712_002.tif:0665-1387",2.501
"Col","Control","none","a_6","6","8/17/12","yuc_EODFR_KN_081712_002.tif:0592-1839",3.778
"Col","Control","none","a_6","6","8/17/12","yuc_EODFR_KN_081712_002.tif:0357-1834",3.315
"Col","Control","none","a_6","6","8/17/12","yuc_EODFR_KN_081712_002.tif:0293-2060",2.965
"Col","Control","none","a_6","6","8/17/12","yuc_EODFR_KN_081712_002.tif:0497-2022",2.4
"Col","Control","none","a_6","6","8/17/12","yuc_EODFR_KN_081712_002.tif:0726-1926",2.939
"yuc2589","Control","none","a_6","6","8/17/12","yuc_EODFR_KN_081712_002.tif:0276-2586",2.874
"yuc2589","Control","none","a_6","6","8/17/12","yuc_EODFR_KN_081712_002.tif:0412-2697",3.209
"yuc2589","Control","none","a_6","6","8/17/12","yuc_EODFR_KN_081712_002.tif:0544-2846",3.232
"yuc2589","Control","none","a_6","6","8/17/12","yuc_EODFR_KN_081712_002.tif:0732-2766",3.569
"yuc2589","Control","none","a_6","6","8/17/12","yuc_EODFR_KN_081712_002.tif:0834-3048",2.219
"yuc2589","Control","none","a_6","6","8/17/12","yuc_EODFR_KN_081712_002.tif:0588-3161",3.091
"yuc2589","Control","none","a_6","6","8/17/12","yuc_EODFR_KN_081712_002.tif:0547-3282",3.414
"yuc2589","Control","none","a_6","6","8/17/12","yuc_EODFR_KN_081712_002.tif:0364-3096",3.722
"yuc2589","Control","none","a_6","6","8/17/12","yuc_EODFR_KN_081712_002.tif:0315-3308",3.335
"yuc2589","Control","none","a_6","6","8/17/12","yuc_EODFR_KN_081712_002.tif:0312-3580",3.083
"yuc2589","Control","none","a_6","6","8/17/12","yuc_EODFR_KN_081712_002.tif:0664-3486",4.621
"yuc2589","Control","none","a_6","6","8/17/12","yuc_EODFR_KN_081712_002.tif:0837-3458",3.811
"yuc2589","Control","none","a_6","6","8/17/12","yuc_EODFR_KN_081712_002.tif:0772-3902",4.69
"yuc2589","Control","none","a_6","6","8/17/12","yuc_EODFR_KN_081712_002.tif:0530-3780",4.176
"yuc2589","Control","none","a_6","6","8/17/12","yuc_EODFR_KN_081712_002.tif:0352-3997",3.189
"Col","Control","none","b_6","6","8/17/12","yuc_EODFR_KN_081712_002.tif:4826-0441",3.12
"Col","Control","none","b_6","6","8/17/12","yuc_EODFR_KN_081712_002.tif:5012-0368",3.145
"Col","Control","none","b_6","6","8/17/12","yuc_EODFR_KN_081712_002.tif:5297-0401",2.189
"Col","Control","none","b_6","6","8/17/12","yuc_EODFR_KN_081712_002.tif:5212-0630",3.004
"Col","Control","none","b_6","6","8/17/12","yuc_EODFR_KN_081712_002.tif:5428-0571",3.06
"Col","Control","none","b_6","6","8/17/12","yuc_EODFR_KN_081712_002.tif:5430-0761",2.993
"Col","Control","none","b_6","6","8/17/12","yuc_EODFR_KN_081712_002.tif:5228-0909",2.941
"Col","Control","none","b_6","6","8/17/12","yuc_EODFR_KN_081712_002.tif:4956-0810",2.79
"Col","Control","none","b_6","6","8/17/12","yuc_EODFR_KN_081712_002.tif:4982-0964",2.583
"Col","Control","none","b_6","6","8/17/12","yuc_EODFR_KN_081712_002.tif:5009-1228",3.112
"Col","Control","none","b_6","6","8/17/12","yuc_EODFR_KN_081712_002.tif:5137-1203",3.482
"Col","Control","none","b_6","6","8/17/12","yuc_EODFR_KN_081712_002.tif:5439-1053",3.149
"Col","Control","none","b_6","6","8/17/12","yuc_EODFR_KN_081712_002.tif:5462-1239",3.408
"Col","Control","none","b_6","6","8/17/12","yuc_EODFR_KN_081712_002.tif:5211-1382",3.548
"Col","Control","none","b_6","6","8/17/12","yuc_EODFR_KN_081712_002.tif:4959-1437",2.933
"Col","Control","none","b_6","6","8/17/12","yuc_EODFR_KN_081712_002.tif:5235-1597",3.412
"Col","Control","none","b_6","6","8/17/12","yuc_EODFR_KN_081712_002.tif:5365-1528",3.444
"Col","Control","none","b_6","6","8/17/12","yuc_EODFR_KN_081712_002.tif:5111-1771",3.268
"Col","Control","none","b_6","6","8/17/12","yuc_EODFR_KN_081712_002.tif:4921-1729",3.232
"Col","Control","none","b_6","6","8/17/12","yuc_EODFR_KN_081712_002.tif:5043-1962",3.78
"Col","Control","none","b_6","6","8/17/12","yuc_EODFR_KN_081712_002.tif:5222-2081",3.125
"Col","Control","none","b_6","6","8/17/12","yuc_EODFR_KN_081712_002.tif:5427-2000",2.304
"yuc2589","Control","none","b_6","6","8/17/12","yuc_EODFR_KN_081712_002.tif:5001-2703",3.362
"yuc2589","Control","none","b_6","6","8/17/12","yuc_EODFR_KN_081712_002.tif:5309-2723",3.454
"yuc2589","Control","none","b_6","6","8/17/12","yuc_EODFR_KN_081712_002.tif:5461-3015",2.739
"yuc2589","Control","none","b_6","6","8/17/12","yuc_EODFR_KN_081712_002.tif:5165-3064",3.748
"yuc2589","Control","none","b_6","6","8/17/12","yuc_EODFR_KN_081712_002.tif:5014-2997",3.396
"yuc2589","Control","none","b_6","6","8/17/12","yuc_EODFR_KN_081712_002.tif:4943-3355",2.91
"yuc2589","Control","none","b_6","6","8/17/12","yuc_EODFR_KN_081712_002.tif:5243-3421",2.535
"yuc2589","Control","none","b_6","6","8/17/12","yuc_EODFR_KN_081712_002.tif:5477-3377",2.218
"yuc2589","Control","none","b_6","6","8/17/12","yuc_EODFR_KN_081712_002.tif:5436-3577",2.855
"yuc2589","Control","none","b_6","6","8/17/12","yuc_EODFR_KN_081712_002.tif:5267-3709",3.227
"yuc2589","Control","none","b_6","6","8/17/12","yuc_EODFR_KN_081712_002.tif:5057-3916",2.715
"yuc2589","Control","none","b_6","6","8/17/12","yuc_EODFR_KN_081712_002.tif:5063-4113",2.927
"yuc2589","Control","none","b_6","6","8/17/12","yuc_EODFR_KN_081712_002.tif:5392-3945",3.357
