"exp","treatment","rep","genotype","plant","file.name","hyp_mm"
"1","sun","B","Col",1,"yuc_SAS_exp1_002label.jpg:0577-0314",2.36
"1","sun","B","Col",2,"yuc_SAS_exp1_002label.jpg:0610-0421",5.028
"1","sun","B","Col",3,"yuc_SAS_exp1_002label.jpg:0506-0793",6.805
"1","sun","B","yuc2",6,"yuc_SAS_exp1_002label.jpg:1181-0332",3.998
"1","sun","B","yuc2",7,"yuc_SAS_exp1_002label.jpg:1163-0508",4.98
"1","sun","B","yuc2",8,"yuc_SAS_exp1_002label.jpg:1216-0677",2.297
"1","sun","B","yuc2",9,"yuc_SAS_exp1_002label.jpg:1213-0843",1.611
"1","sun","B","yuc2",10,"yuc_SAS_exp1_002label.jpg:1169-0944",6.236
"1","sun","B","yuc2",11,"yuc_SAS_exp1_002label.jpg:1170-1080",4.058
"1","sun","B","yuc2yuc5yuc9",12,"yuc_SAS_exp1_002label.jpg:1188-1261",4.655
"1","sun","B","yuc2yuc5yuc9",13,"yuc_SAS_exp1_002label.jpg:1208-1366",4.259
"1","sun","B","yuc2yuc5yuc9",14,"yuc_SAS_exp1_002label.jpg:1161-1431",6.281
"1","sun","B","yuc2yuc5yuc9",15,"yuc_SAS_exp1_002label.jpg:1176-1511",2.849
"1","sun","B","yuc2yuc5yuc9",16,"yuc_SAS_exp1_002label.jpg:1074-1578",4.793
"1","sun","B","yuc2yuc5yuc9",17,"yuc_SAS_exp1_002label.jpg:1129-1646",2.007
"1","sun","B","yuc2yuc5yuc9",18,"yuc_SAS_exp1_002label.jpg:1146-1792",7.133
"1","sun","B","yuc5yuc8yuc9",19,"yuc_SAS_exp1_002label.jpg:1808-0302",4.534
"1","sun","B","yuc5yuc8yuc9",20,"yuc_SAS_exp1_002label.jpg:1856-0762",4.544
"1","sun","B","yuc5yuc8yuc9",21,"yuc_SAS_exp1_002label.jpg:1792-0957",5.114
"1","sun","B","yuc8",22,"yuc_SAS_exp1_002label.jpg:1764-1225",4.8
"1","sun","B","yuc8",23,"yuc_SAS_exp1_002label.jpg:1841-1401",4.67
"1","sun","B","yuc8",24,"yuc_SAS_exp1_002label.jpg:1861-1580",4.413
"1","sun","B","yuc8",25,"yuc_SAS_exp1_002label.jpg:1835-1715",4.593
"1","sun","B","yuc8",26,"yuc_SAS_exp1_002label.jpg:1806-1859",5.007
"1","sun","B","yuc8",27,"yuc_SAS_exp1_002label.jpg:1820-1872",3.528
"1","sun","A","Col",28,"yuc_SAS_exp1_002label.jpg:0651-2764",3.897
"1","sun","A","Col",29,"yuc_SAS_exp1_002label.jpg:0703-2929",2.929
"1","sun","A","Col",30,"yuc_SAS_exp1_002label.jpg:0664-3259",5.329
"1","sun","A","Col",31,"yuc_SAS_exp1_002label.jpg:0701-3384",5.029
"1","sun","A","yuc2",35,"yuc_SAS_exp1_002label.jpg:1270-2619",1.557
"1","sun","A","yuc2",36,"yuc_SAS_exp1_002label.jpg:1289-2835",1.687
"1","sun","A","yuc2",37,"yuc_SAS_exp1_002label.jpg:1244-2998",4.397
"1","sun","A","yuc2",38,"yuc_SAS_exp1_002label.jpg:1351-3449",2.069
"1","sun","A","yuc2yuc5yuc9",39,"yuc_SAS_exp1_002label.jpg:1301-3653",2.845
"1","sun","A","yuc2yuc5yuc9",40,"yuc_SAS_exp1_002label.jpg:1327-3850",4.815
"1","sun","A","yuc2yuc5yuc9",41,"yuc_SAS_exp1_002label.jpg:1313-3965",4.752
"1","sun","A","yuc2yuc5yuc9",42,"yuc_SAS_exp1_002label.jpg:1301-4118",4.577
"1","sun","A","yuc5yuc8yuc9",43,"yuc_SAS_exp1_002label.jpg:1872-2696",4.932
"1","sun","A","yuc5yuc8yuc9",44,"yuc_SAS_exp1_002label.jpg:1766-2869",5.673
"1","sun","A","yuc5yuc8yuc9",45,"yuc_SAS_exp1_002label.jpg:1837-3070",3.067
"1","sun","A","yuc5yuc8yuc9",46,"yuc_SAS_exp1_002label.jpg:1817-3215",4.157
"1","sun","A","yuc8",47,"yuc_SAS_exp1_002label.jpg:1868-3645",2.526
"1","sun","A","yuc8",48,"yuc_SAS_exp1_002label.jpg:1904-3833",4.385
"1","sun","A","yuc8",49,"yuc_SAS_exp1_002label.jpg:1918-3920",3.844
"1","sun","A","yuc8",50,"yuc_SAS_exp1_002label.jpg:1952-3966",2.83
"1","sun","A","yuc8",51,"yuc_SAS_exp1_002label.jpg:1883-4155",4.573
"1","sun","A","yuc8",52,"yuc_SAS_exp1_002label.jpg:1974-4263",3.224
"1","shade","A","Col",53,"yuc_SAS_exp1_002label.jpg:3549-0403",5.192
"1","shade","A","Col",54,"yuc_SAS_exp1_002label.jpg:3492-0504",8.638
"1","shade","A","Col",55,"yuc_SAS_exp1_002label.jpg:3651-0704",5.943
"1","shade","A","Col",56,"yuc_SAS_exp1_002label.jpg:3549-0889",5.755
"1","shade","A","yuc2",61,"yuc_SAS_exp1_002label.jpg:4188-0450",4.204
"1","shade","A","yuc2",62,"yuc_SAS_exp1_002label.jpg:4144-0586",7.889
"1","shade","A","yuc2",63,"yuc_SAS_exp1_002label.jpg:4138-0747",7.602
"1","shade","A","yuc2",64,"yuc_SAS_exp1_002label.jpg:4160-0907",6.483
"1","shade","A","yuc2",65,"yuc_SAS_exp1_002label.jpg:4170-1007",6.752
"1","shade","A","yuc2",66,"yuc_SAS_exp1_002label.jpg:4162-1018",7.125
"1","shade","A","yuc2yuc5yuc9",67,"yuc_SAS_exp1_002label.jpg:4158-1346",3.996
"1","shade","A","yuc2yuc5yuc9",68,"yuc_SAS_exp1_002label.jpg:4084-1532",6.489
"1","shade","A","yuc2yuc5yuc9",69,"yuc_SAS_exp1_002label.jpg:4094-1823",6.594
"1","shade","A","yuc2yuc5yuc9",70,"yuc_SAS_exp1_002label.jpg:4165-1998",6.379
"1","shade","A","yuc5yuc8yuc9",71,"yuc_SAS_exp1_002label.jpg:4732-0594",5.953
"1","shade","A","yuc5yuc8yuc9",72,"yuc_SAS_exp1_002label.jpg:4766-0749",2.892
"1","shade","A","yuc5yuc8yuc9",73,"yuc_SAS_exp1_002label.jpg:4752-1069",4.385
"1","shade","A","yuc8",74,"yuc_SAS_exp1_002label.jpg:4714-1609",4.616
"1","shade","A","yuc8",75,"yuc_SAS_exp1_002label.jpg:4694-1708",6.694
"1","shade","A","yuc8",76,"yuc_SAS_exp1_002label.jpg:4682-1870",6.011
"1","shade","A","yuc8",77,"yuc_SAS_exp1_002label.jpg:4741-2004",5.793
"1","shade","B","Col",78,"yuc_SAS_exp1_002label.jpg:3503-2753",6.396
"1","shade","B","Col",79,"yuc_SAS_exp1_002label.jpg:3488-2866",6.102
"1","shade","B","Col",80,"yuc_SAS_exp1_002label.jpg:3390-3053",7.538
"1","shade","B","Col",81,"yuc_SAS_exp1_002label.jpg:3428-3202",6.716
"1","shade","B","Col",82,"yuc_SAS_exp1_002label.jpg:3374-3348",8.567
"1","shade","B","yuc2",87,"yuc_SAS_exp1_002label.jpg:3952-3032",6.257
"1","shade","B","yuc2",88,"yuc_SAS_exp1_002label.jpg:4036-3163",6.507
"1","shade","B","yuc2",89,"yuc_SAS_exp1_002label.jpg:4025-3328",6.889
"1","shade","B","yuc2yuc5yuc9",90,"yuc_SAS_exp1_002label.jpg:4111-3625",5.475
"1","shade","B","yuc2yuc5yuc9",91,"yuc_SAS_exp1_002label.jpg:4028-3801",5.156
"1","shade","B","yuc2yuc5yuc9",92,"yuc_SAS_exp1_002label.jpg:4127-3936",5.736
"1","shade","B","yuc2yuc5yuc9",93,"yuc_SAS_exp1_002label.jpg:4079-4091",6.511
"1","shade","B","yuc2yuc5yuc9",94,"yuc_SAS_exp1_002label.jpg:4061-4254",6.68
"1","shade","B","yuc2yuc5yuc9",95,"yuc_SAS_exp1_002label.jpg:4030-4305",7.562
"1","shade","B","yuc2yuc5yuc9",96,"yuc_SAS_exp1_002label.jpg:4061-4289",5.295
"1","shade","B","yuc5yuc8yuc9",97,"yuc_SAS_exp1_002label.jpg:4554-2661",6.586
"1","shade","B","yuc5yuc8yuc9",98,"yuc_SAS_exp1_002label.jpg:4552-2755",5.962
"1","shade","B","yuc5yuc8yuc9",99,"yuc_SAS_exp1_002label.jpg:4690-2877",5.948
"1","shade","B","yuc5yuc8yuc9",100,"yuc_SAS_exp1_002label.jpg:4562-2976",6.246
"1","shade","B","yuc5yuc8yuc9",101,"yuc_SAS_exp1_002label.jpg:4553-3154",7.979
"1","shade","B","yuc5yuc8yuc9",102,"yuc_SAS_exp1_002label.jpg:4548-3316",6.985
"1","shade","B","yuc8",103,"yuc_SAS_exp1_002label.jpg:4588-3661",5.938
"1","shade","B","yuc8",104,"yuc_SAS_exp1_002label.jpg:4586-3840",7.046
"1","shade","B","yuc8",105,"yuc_SAS_exp1_002label.jpg:4616-3951",5.545
"1","shade","B","yuc8",106,"yuc_SAS_exp1_002label.jpg:4621-4140",2.185
"1","shade","B","yuc8",107,"yuc_SAS_exp1_002label.jpg:4589-4268",6.552
"1","sun","B","Col",1,"yuc_SAS_exp1_001.tif:0629-0571",4.345
"1","sun","B","Col",2,"yuc_SAS_exp1_001.tif:0645-0945",3.885
"1","sun","B","Col",3,"yuc_SAS_exp1_001.tif:0642-1283",5.081
"1","sun","B","yuc9",4,"yuc_SAS_exp1_001.tif:0668-1462",6.006
"1","sun","B","yuc9",5,"yuc_SAS_exp1_001.tif:0648-1586",8.02
"1","sun","B","yuc9",6,"yuc_SAS_exp1_001.tif:0698-1704",5.483
"1","sun","B","yuc9",7,"yuc_SAS_exp1_001.tif:0643-1827",6.473
"1","sun","B","yuc9",8,"yuc_SAS_exp1_001.tif:0703-1955",6.322
"1","sun","B","yuc9",9,"yuc_SAS_exp1_001.tif:0705-2180",5.29
"1","sun","B","yuc2yuc5yuc8yuc9",10,"yuc_SAS_exp1_001.tif:1307-0901",2.457
"1","sun","B","yuc2yuc5yuc8yuc9",11,"yuc_SAS_exp1_001.tif:1295-1218",2.794
"1","sun","B","yuc5",12,"yuc_SAS_exp1_001.tif:1809-0577",7.385
"1","sun","B","yuc5",13,"yuc_SAS_exp1_001.tif:1817-0736",8.429
"1","sun","B","yuc5",14,"yuc_SAS_exp1_001.tif:1897-0919",6.917
"1","sun","B","yuc5",15,"yuc_SAS_exp1_001.tif:1918-1221",4.814
"1","sun","B","Col",16,"yuc_SAS_exp1_001.tif:1836-1516",6.027
"1","sun","B","Col",17,"yuc_SAS_exp1_001.tif:1788-1655",8.082
"1","sun","B","Col",18,"yuc_SAS_exp1_001.tif:1850-1746",6.119
"1","sun","B","Col",19,"yuc_SAS_exp1_001.tif:1893-1848",5.667
"1","sun","B","Col",20,"yuc_SAS_exp1_001.tif:1871-2171",5.79
"1","sun","A","Col",21,"yuc_SAS_exp1_001.tif:0691-3122",2.137
"1","sun","A","Col",22,"yuc_SAS_exp1_001.tif:0675-3285",3.665
"1","sun","A","Col",23,"yuc_SAS_exp1_001.tif:0682-3648",3.615
"1","sun","A","yuc9",24,"yuc_SAS_exp1_001.tif:0733-3911",6.08
"1","sun","A","yuc9",25,"yuc_SAS_exp1_001.tif:0683-4108",5.727
"1","sun","A","yuc9",26,"yuc_SAS_exp1_001.tif:0692-4419",5.777
"1","sun","A","yuc9",27,"yuc_SAS_exp1_001.tif:0764-4591",5.791
"1","sun","A","yuc2yuc5yuc8yuc9",28,"yuc_SAS_exp1_001.tif:1328-2958",1.524
"1","sun","A","yuc2yuc5yuc8yuc9",29,"yuc_SAS_exp1_001.tif:1313-3132",0.661
"1","sun","A","yuc2yuc5yuc8yuc9",30,"yuc_SAS_exp1_001.tif:1330-3601",1.955
"1","sun","A","yuc1yuc4",31,"yuc_SAS_exp1_001.tif:1349-4350",1.325
"1","sun","A","yuc5",32,"yuc_SAS_exp1_001.tif:1921-2941",3.183
"1","sun","A","yuc5",33,"yuc_SAS_exp1_001.tif:1933-3238",2.227
"1","sun","A","yuc5",34,"yuc_SAS_exp1_001.tif:1921-3406",5.781
"1","sun","A","yuc5",35,"yuc_SAS_exp1_001.tif:1917-3609",5.75
"1","sun","A","Col",36,"yuc_SAS_exp1_001.tif:1904-3894",5.345
"1","sun","A","Col",37,"yuc_SAS_exp1_001.tif:1856-4051",5.71
"1","sun","A","Col",38,"yuc_SAS_exp1_001.tif:1860-4177",5.857
"1","sun","A","Col",39,"yuc_SAS_exp1_001.tif:1956-4333",4.195
"1","shade","B","Col",40,"yuc_SAS_exp1_001.tif:3255-0671",4.802
"1","shade","B","Col",41,"yuc_SAS_exp1_001.tif:3318-0828",2.462
"1","shade","B","Col",42,"yuc_SAS_exp1_001.tif:3301-1048",4.741
"1","shade","B","yuc9",43,"yuc_SAS_exp1_001.tif:3317-1437",7.998
"1","shade","B","yuc9",44,"yuc_SAS_exp1_001.tif:3480-1659",5.707
"1","shade","B","yuc9",45,"yuc_SAS_exp1_001.tif:3373-1760",6.8
"1","shade","B","yuc9",46,"yuc_SAS_exp1_001.tif:3338-1857",6.91
"1","shade","B","yuc2yuc5yuc8yuc9",47,"yuc_SAS_exp1_001.tif:3903-0429",1.857
"1","shade","B","yuc2yuc5yuc8yuc9",48,"yuc_SAS_exp1_001.tif:3931-0730",1.606
"1","shade","B","yuc2yuc5yuc8yuc9",49,"yuc_SAS_exp1_001.tif:3948-1084",1.778
"1","shade","B","yuc1yuc4",50,"yuc_SAS_exp1_001.tif:3949-1581",4.128
"1","shade","B","yuc1yuc4",51,"yuc_SAS_exp1_001.tif:3935-2018",3.592
"1","shade","B","yuc5",52,"yuc_SAS_exp1_001.tif:4472-0405",6.195
"1","shade","B","yuc5",53,"yuc_SAS_exp1_001.tif:4421-0721",9.234
"1","shade","B","yuc5",54,"yuc_SAS_exp1_001.tif:4473-0918",6.96
"1","shade","B","yuc5",55,"yuc_SAS_exp1_001.tif:4460-1055",6.946
"1","shade","B","Col",56,"yuc_SAS_exp1_001.tif:4572-1403",4.94
"1","shade","B","Col",57,"yuc_SAS_exp1_001.tif:4450-1687",8.095
"1","shade","B","Col",58,"yuc_SAS_exp1_001.tif:4486-1869",8.065
"1","shade","B","Col",59,"yuc_SAS_exp1_001.tif:4588-1959",7.083
"1","shade","A","Col",60,"yuc_SAS_exp1_001.tif:3266-3048",6.758
"1","shade","A","Col",61,"yuc_SAS_exp1_001.tif:3247-3228",7.443
"1","shade","A","Col",62,"yuc_SAS_exp1_001.tif:3306-3379",5.948
"1","shade","A","yuc9",63,"yuc_SAS_exp1_001.tif:3229-3804",7.999
"1","shade","A","yuc9",64,"yuc_SAS_exp1_001.tif:3266-3984",7.036
"1","shade","A","yuc9",65,"yuc_SAS_exp1_001.tif:3379-4189",6.592
"1","shade","A","yuc9",66,"yuc_SAS_exp1_001.tif:3343-4314",3.092
"1","shade","A","yuc9",67,"yuc_SAS_exp1_001.tif:3254-4429",7.593
"1","shade","A","yuc2yuc5yuc8yuc9",68,"yuc_SAS_exp1_001.tif:3843-2810",2.715
"1","shade","A","yuc2yuc5yuc8yuc9",69,"yuc_SAS_exp1_001.tif:3860-3125",1.993
"1","shade","A","yuc1yuc4",70,"yuc_SAS_exp1_001.tif:3866-3780",2.646
"1","shade","A","yuc1yuc4",71,"yuc_SAS_exp1_001.tif:3842-3980",3.105
"1","shade","A","yuc1yuc4",72,"yuc_SAS_exp1_001.tif:3848-4275",2.526
"1","shade","A","yuc1yuc4",73,"yuc_SAS_exp1_001.tif:3841-4442",4.412
"1","shade","A","yuc5",74,"yuc_SAS_exp1_001.tif:4415-2842",6.654
"1","shade","A","yuc5",75,"yuc_SAS_exp1_001.tif:4410-3187",7.882
"1","shade","A","yuc5",76,"yuc_SAS_exp1_001.tif:4453-3518",6.045
"1","shade","A","Col",77,"yuc_SAS_exp1_001.tif:4428-3816",6.748
"1","shade","A","Col",78,"yuc_SAS_exp1_001.tif:4466-3958",4.18
"1","shade","A","Col",79,"yuc_SAS_exp1_001.tif:4462-4076",4.623
"1","shade","A","Col",80,"yuc_SAS_exp1_001.tif:4464-4257",1.812
"1","shade","A","Col",81,"yuc_SAS_exp1_001.tif:4426-4444",5.66
"2","sun","B","Col",2,"yuc_SAS_hyp_exp2_001.tif:1061-1300",4.258
"2","sun","B","Col",3,"yuc_SAS_hyp_exp2_001.tif:1053-1605",5.887
"2","sun","B","Col",4,"yuc_SAS_hyp_exp2_001.tif:1051-1785",4.982
"2","sun","B","Col",5,"yuc_SAS_hyp_exp2_001.tif:1057-1946",4.276
"2","sun","B","yuc2yuc5yuc8yuc9",6,"yuc_SAS_hyp_exp2_001.tif:1679-0422",2.517
"2","sun","B","yuc2yuc5yuc8yuc9",7,"yuc_SAS_hyp_exp2_001.tif:1655-0577",1.637
"2","sun","B","yuc2yuc5yuc8yuc9",8,"yuc_SAS_hyp_exp2_001.tif:1681-0725",1.695
"2","sun","B","yuc2yuc5yuc8yuc9",9,"yuc_SAS_hyp_exp2_001.tif:1684-0868",1.778
"2","sun","B","yuc2yuc5yuc8yuc9",10,"yuc_SAS_hyp_exp2_001.tif:1659-1046",1.185
"2","sun","B","Col",11,"yuc_SAS_hyp_exp2_001.tif:1602-1314",4.892
"2","sun","B","Col",12,"yuc_SAS_hyp_exp2_001.tif:1639-1420",4.483
"2","sun","B","Col",13,"yuc_SAS_hyp_exp2_001.tif:1574-1484",5.863
"2","sun","B","Col",14,"yuc_SAS_hyp_exp2_001.tif:1629-1616",4.068
"2","sun","B","Col",15,"yuc_SAS_hyp_exp2_001.tif:1625-1814",3.374
"2","sun","B","Col",16,"yuc_SAS_hyp_exp2_001.tif:1648-1991",4.493
"2","sun","B","yuc9",17,"yuc_SAS_hyp_exp2_001.tif:2226-0437",5.181
"2","sun","B","yuc9",18,"yuc_SAS_hyp_exp2_001.tif:2287-0551",2.919
"2","sun","B","yuc9",19,"yuc_SAS_hyp_exp2_001.tif:2233-0699",4.734
"2","sun","B","yuc9",20,"yuc_SAS_hyp_exp2_001.tif:2283-0872",3.135
"2","sun","B","yuc9",21,"yuc_SAS_hyp_exp2_001.tif:2264-1055",4.694
"2","sun","A","Col",25,"yuc_SAS_hyp_exp2_001.tif:1095-3623",4.526
"2","sun","A","Col",26,"yuc_SAS_hyp_exp2_001.tif:1097-3752",4.06
"2","sun","A","Col",27,"yuc_SAS_hyp_exp2_001.tif:1099-3785",5.387
"2","sun","A","Col",28,"yuc_SAS_hyp_exp2_001.tif:1136-3914",4.533
"2","sun","A","Col",29,"yuc_SAS_hyp_exp2_001.tif:1126-4221",4.296
"2","sun","A","yuc2yuc5yuc8yuc9",30,"yuc_SAS_hyp_exp2_001.tif:1721-2660",2.377
"2","sun","A","yuc2yuc5yuc8yuc9",31,"yuc_SAS_hyp_exp2_001.tif:1722-2978",1.903
"2","sun","A","Col",32,"yuc_SAS_hyp_exp2_001.tif:1699-3513",1.378
"2","sun","A","Col",33,"yuc_SAS_hyp_exp2_001.tif:1699-3763",4.175
"2","sun","A","Col",34,"yuc_SAS_hyp_exp2_001.tif:1696-4066",3.04
"2","sun","A","Col",35,"yuc_SAS_hyp_exp2_001.tif:1698-4197",3.491
"2","sun","A","yuc9",36,"yuc_SAS_hyp_exp2_001.tif:2338-2674",3.043
"2","sun","A","yuc9",37,"yuc_SAS_hyp_exp2_001.tif:2348-2803",3.891
"2","sun","A","yuc9",38,"yuc_SAS_hyp_exp2_001.tif:2310-2946",4.318
"2","sun","A","yuc9",39,"yuc_SAS_hyp_exp2_001.tif:2322-3131",4.104
"2","sun","A","yuc9",40,"yuc_SAS_hyp_exp2_001.tif:2364-3221",2.537
"2","sun","A","yuc5",41,"yuc_SAS_hyp_exp2_001.tif:2346-3633",1.964
"2","sun","A","yuc5",42,"yuc_SAS_hyp_exp2_001.tif:2285-3790",4.431
"2","sun","A","yuc5",43,"yuc_SAS_hyp_exp2_001.tif:2323-4101",2.557
"2","sun","A","yuc5",44,"yuc_SAS_hyp_exp2_001.tif:2292-4246",3.194
"2","sun","B","yuc1yuc4",45,"yuc_SAS_hyp_exp2_001.tif:3415-0591",1.827
"2","sun","B","yuc5yuc8yuc9",46,"yuc_SAS_hyp_exp2_001.tif:3404-1366",1.618
"2","sun","B","yuc5yuc8yuc9",47,"yuc_SAS_hyp_exp2_001.tif:3405-1553",2.608
"2","sun","B","yuc5yuc8yuc9",48,"yuc_SAS_hyp_exp2_001.tif:3385-1697",2.83
"2","sun","B","yuc5yuc8yuc9",49,"yuc_SAS_hyp_exp2_001.tif:3401-1964",3.387
"2","sun","B","yuc2yuc5yuc9",50,"yuc_SAS_hyp_exp2_001.tif:3969-0376",2.352
"2","sun","B","yuc2yuc5yuc9",51,"yuc_SAS_hyp_exp2_001.tif:3964-0586",1.969
"2","sun","B","yuc2yuc5yuc9",52,"yuc_SAS_hyp_exp2_001.tif:3939-0616",4.312
"2","sun","B","yuc2yuc5yuc9",53,"yuc_SAS_hyp_exp2_001.tif:3969-0708",3.264
"2","sun","B","yuc2yuc5yuc9",54,"yuc_SAS_hyp_exp2_001.tif:3922-0771",2.994
"2","sun","B","yuc2yuc5yuc9",55,"yuc_SAS_hyp_exp2_001.tif:3963-0905",2.808
"2","sun","B","yuc2yuc5yuc9",56,"yuc_SAS_hyp_exp2_001.tif:3977-1037",2.926
"2","sun","B","yuc2",57,"yuc_SAS_hyp_exp2_001.tif:3946-1318",3.455
"2","sun","B","yuc2",58,"yuc_SAS_hyp_exp2_001.tif:3929-1483",3.338
"2","sun","B","yuc2",59,"yuc_SAS_hyp_exp2_001.tif:3928-1627",4.002
"2","sun","B","yuc2",60,"yuc_SAS_hyp_exp2_001.tif:3933-1794",1.931
"2","sun","B","yuc2",61,"yuc_SAS_hyp_exp2_001.tif:3936-1994",2.133
"2","sun","B","Col",62,"yuc_SAS_hyp_exp2_001.tif:4594-0441",4.063
"2","sun","B","Col",63,"yuc_SAS_hyp_exp2_001.tif:4565-0575",3.208
"2","sun","B","Col",64,"yuc_SAS_hyp_exp2_001.tif:4569-0761",4.281
"2","sun","B","Col",65,"yuc_SAS_hyp_exp2_001.tif:4521-0872",4.314
"2","sun","B","Col",66,"yuc_SAS_hyp_exp2_001.tif:4571-0899",3.954
"2","sun","B","Col",67,"yuc_SAS_hyp_exp2_001.tif:4527-1040",5.211
"2","sun","B","yuc8",68,"yuc_SAS_hyp_exp2_001.tif:4566-1392",2.048
"2","sun","B","yuc8",69,"yuc_SAS_hyp_exp2_001.tif:4531-1579",1.745
"2","sun","B","yuc8",70,"yuc_SAS_hyp_exp2_001.tif:4554-1732",1.368
"2","sun","B","yuc8",71,"yuc_SAS_hyp_exp2_001.tif:4539-1871",2.242
"2","sun","B","yuc8",72,"yuc_SAS_hyp_exp2_001.tif:4489-1962",2.957
"2","sun","B","yuc8",73,"yuc_SAS_hyp_exp2_001.tif:4557-1986",2.874
"2","sun","A","yuc5yuc8yuc9",74,"yuc_SAS_hyp_exp2_001.tif:3497-3652",2.023
"2","sun","A","yuc5yuc8yuc9",75,"yuc_SAS_hyp_exp2_001.tif:3471-3780",2.458
"2","sun","A","yuc5yuc8yuc9",76,"yuc_SAS_hyp_exp2_001.tif:3465-3922",2.424
"2","sun","A","yuc5yuc8yuc9",77,"yuc_SAS_hyp_exp2_001.tif:3481-4063",1.675
"2","sun","A","yuc2yuc5yuc9",78,"yuc_SAS_hyp_exp2_001.tif:4062-2669",2.575
"2","sun","A","yuc2yuc5yuc9",79,"yuc_SAS_hyp_exp2_001.tif:4032-2943",3.28
"2","sun","A","yuc2yuc5yuc9",80,"yuc_SAS_hyp_exp2_001.tif:4046-3112",2.372
"2","sun","A","yuc2",81,"yuc_SAS_hyp_exp2_001.tif:4035-3627",1.554
"2","sun","A","yuc2",82,"yuc_SAS_hyp_exp2_001.tif:4011-3786",2.473
"2","sun","A","yuc2",83,"yuc_SAS_hyp_exp2_001.tif:4027-3929",1.745
"2","sun","A","yuc2",84,"yuc_SAS_hyp_exp2_001.tif:4021-4254",3.329
"2","sun","A","Col",85,"yuc_SAS_hyp_exp2_001.tif:4621-2674",2.879
"2","sun","A","Col",86,"yuc_SAS_hyp_exp2_001.tif:4664-2861",2.729
"2","sun","A","Col",87,"yuc_SAS_hyp_exp2_001.tif:4646-3016",3.676
"2","sun","A","Col",88,"yuc_SAS_hyp_exp2_001.tif:4570-3212",7.3
"2","sun","A","Col",89,"yuc_SAS_hyp_exp2_001.tif:4609-3346",3.491
"2","sun","A","yuc8",90,"yuc_SAS_hyp_exp2_001.tif:4615-3609",2.49
"2","sun","A","yuc8",91,"yuc_SAS_hyp_exp2_001.tif:4638-3799",1.964
"2","sun","A","yuc8",92,"yuc_SAS_hyp_exp2_001.tif:4644-3953",1.023
"2","sun","A","yuc8",93,"yuc_SAS_hyp_exp2_001.tif:4608-4114",2.372
"2","sun","A","yuc8",94,"yuc_SAS_hyp_exp2_001.tif:4610-4232",2.311
"2","shade","B","Col",5,"yuc_SAS_hyp_exp2_002.tif:1363-1567",2.336
"2","shade","B","Col",6,"yuc_SAS_hyp_exp2_002.tif:1275-1725",8.287
"2","shade","B","Col",7,"yuc_SAS_hyp_exp2_002.tif:1288-1868",6.699
"2","shade","B","Col",8,"yuc_SAS_hyp_exp2_002.tif:1367-2014",6.949
"2","shade","B","Col",9,"yuc_SAS_hyp_exp2_002.tif:1307-2150",6.231
"2","shade","B","yuc2yuc5yuc8yuc9",10,"yuc_SAS_hyp_exp2_002.tif:1901-1055",2.526
"2","shade","B","yuc2yuc5yuc8yuc9",11,"yuc_SAS_hyp_exp2_002.tif:1921-1219",1.273
"2","shade","B","Col",12,"yuc_SAS_hyp_exp2_002.tif:1833-1553",8.857
"2","shade","B","Col",13,"yuc_SAS_hyp_exp2_002.tif:1852-1812",6.096
"2","shade","B","Col",14,"yuc_SAS_hyp_exp2_002.tif:1891-2058",5.917
"2","shade","B","yuc9",15,"yuc_SAS_hyp_exp2_002.tif:2507-0553",6.317
"2","shade","B","yuc9",16,"yuc_SAS_hyp_exp2_002.tif:2478-0726",7.179
"2","shade","B","yuc9",17,"yuc_SAS_hyp_exp2_002.tif:2549-0865",5.601
"2","shade","B","yuc9",18,"yuc_SAS_hyp_exp2_002.tif:2497-1061",7.417
"2","shade","B","yuc9",19,"yuc_SAS_hyp_exp2_002.tif:2466-1111",7.658
"2","shade","B","yuc9",20,"yuc_SAS_hyp_exp2_002.tif:2502-1217",6.783
"2","shade","B","yuc5",21,"yuc_SAS_hyp_exp2_002.tif:2498-1542",6.625
"2","shade","B","yuc5",22,"yuc_SAS_hyp_exp2_002.tif:2408-1630",7.39
"2","shade","B","yuc5",23,"yuc_SAS_hyp_exp2_002.tif:2450-1717",7.13
"2","shade","B","yuc5",24,"yuc_SAS_hyp_exp2_002.tif:2482-1866",6.773
"2","shade","B","yuc5",25,"yuc_SAS_hyp_exp2_002.tif:2498-1988",4.12
"2","shade","B","yuc5",26,"yuc_SAS_hyp_exp2_002.tif:2453-2140",6.399
"2","shade","A","Col",29,"yuc_SAS_hyp_exp2_002.tif:1293-3933",3.224
"2","shade","A","Col",30,"yuc_SAS_hyp_exp2_002.tif:1241-4097",6.606
"2","shade","A","Col",31,"yuc_SAS_hyp_exp2_002.tif:1271-4260",6.746
"2","shade","A","Col",32,"yuc_SAS_hyp_exp2_002.tif:1237-4420",6.261
"2","shade","A","yuc2yuc5yuc8yuc9",33,"yuc_SAS_hyp_exp2_002.tif:1897-3278",1.786
"2","shade","A","yuc2yuc5yuc8yuc9",34,"yuc_SAS_hyp_exp2_002.tif:1896-3459",2.28
"2","shade","A","Col",35,"yuc_SAS_hyp_exp2_002.tif:1822-3781",7.474
"2","shade","A","Col",36,"yuc_SAS_hyp_exp2_002.tif:1826-4061",7.802
"2","shade","A","Col",37,"yuc_SAS_hyp_exp2_002.tif:1791-4229",7.378
"2","shade","A","yuc9",38,"yuc_SAS_hyp_exp2_002.tif:2534-2802",2.839
"2","shade","A","yuc9",39,"yuc_SAS_hyp_exp2_002.tif:2494-3014",6.543
"2","shade","A","yuc9",40,"yuc_SAS_hyp_exp2_002.tif:2452-3122",6.682
"2","shade","A","yuc9",41,"yuc_SAS_hyp_exp2_002.tif:2430-3277",7.132
"2","shade","A","yuc9",42,"yuc_SAS_hyp_exp2_002.tif:2467-3327",4.959
"2","shade","A","yuc9",43,"yuc_SAS_hyp_exp2_002.tif:2471-3456",5.491
"2","shade","A","yuc5",44,"yuc_SAS_hyp_exp2_002.tif:2451-3938",4.605
"2","shade","A","yuc5",45,"yuc_SAS_hyp_exp2_002.tif:2482-4113",2.704
"2","shade","A","yuc5",46,"yuc_SAS_hyp_exp2_002.tif:2407-4237",5.995
"2","shade","A","yuc5",47,"yuc_SAS_hyp_exp2_002.tif:2402-4410",5.849
"2","shade","B","yuc1yuc4",48,"yuc_SAS_hyp_exp2_002.tif:3735-0609",2.371
"2","shade","B","yuc1yuc4",49,"yuc_SAS_hyp_exp2_002.tif:3702-1194",2.825
"2","shade","B","yuc5yuc8yuc9",50,"yuc_SAS_hyp_exp2_002.tif:3643-1502",7.268
"2","shade","B","yuc5yuc8yuc9",51,"yuc_SAS_hyp_exp2_002.tif:3655-1632",6.288
"2","shade","B","yuc5yuc8yuc9",52,"yuc_SAS_hyp_exp2_002.tif:3644-1940",6.677
"2","shade","B","yuc5yuc8yuc9",53,"yuc_SAS_hyp_exp2_002.tif:3608-2022",6.696
"2","shade","B","yuc2yuc5yuc9",54,"yuc_SAS_hyp_exp2_002.tif:4225-0526",5.454
"2","shade","B","yuc2yuc5yuc9",55,"yuc_SAS_hyp_exp2_002.tif:4212-0671",6.587
"2","shade","B","yuc2yuc5yuc9",56,"yuc_SAS_hyp_exp2_002.tif:4194-0800",5.94
"2","shade","B","yuc2yuc5yuc9",57,"yuc_SAS_hyp_exp2_002.tif:4220-0998",5.933
"2","shade","B","yuc2yuc5yuc9",58,"yuc_SAS_hyp_exp2_002.tif:4204-1169",4.984
"2","shade","B","yuc2",59,"yuc_SAS_hyp_exp2_002.tif:4223-1507",4.109
"2","shade","B","yuc2",60,"yuc_SAS_hyp_exp2_002.tif:4205-1651",4.36
"2","shade","B","yuc2",61,"yuc_SAS_hyp_exp2_002.tif:4184-1768",6.3
"2","shade","B","yuc2",62,"yuc_SAS_hyp_exp2_002.tif:4204-1901",6.315
"2","shade","B","yuc2",63,"yuc_SAS_hyp_exp2_002.tif:4193-2073",4.299
"2","shade","B","Col",64,"yuc_SAS_hyp_exp2_002.tif:4846-0625",4.939
"2","shade","B","Col",65,"yuc_SAS_hyp_exp2_002.tif:4819-0728",6.861
"2","shade","B","Col",66,"yuc_SAS_hyp_exp2_002.tif:4802-0861",7.414
"2","shade","B","Col",67,"yuc_SAS_hyp_exp2_002.tif:4801-1035",6.695
"2","shade","B","Col",68,"yuc_SAS_hyp_exp2_002.tif:4875-1209",6.317
"2","shade","B","yuc8",69,"yuc_SAS_hyp_exp2_002.tif:4762-1442",5.945
"2","shade","B","yuc8",70,"yuc_SAS_hyp_exp2_002.tif:4864-1743",3.508
"2","shade","B","yuc8",71,"yuc_SAS_hyp_exp2_002.tif:4777-1917",5.455
"2","shade","B","yuc8",72,"yuc_SAS_hyp_exp2_002.tif:4789-2047",6.181
"2","shade","B","yuc8",73,"yuc_SAS_hyp_exp2_002.tif:4789-2084",6.185
"2","shade","A","yuc1yuc4",74,"yuc_SAS_hyp_exp2_002.tif:3680-2781",2.005
"2","shade","A","yuc1yuc4",75,"yuc_SAS_hyp_exp2_002.tif:3634-2948",3.122
"2","shade","A","yuc5yuc8yuc9",76,"yuc_SAS_hyp_exp2_002.tif:3598-3770",6.582
"2","shade","A","yuc5yuc8yuc9",77,"yuc_SAS_hyp_exp2_002.tif:3558-3838",4.667
"2","shade","A","yuc5yuc8yuc9",78,"yuc_SAS_hyp_exp2_002.tif:3600-3950",5.44
"2","shade","A","yuc5yuc8yuc9",79,"yuc_SAS_hyp_exp2_002.tif:3587-3970",5.54
"2","shade","A","yuc5yuc8yuc9",80,"yuc_SAS_hyp_exp2_002.tif:3576-4095",6.768
"2","shade","A","yuc5yuc8yuc9",81,"yuc_SAS_hyp_exp2_002.tif:3604-4233",5.537
"2","shade","A","yuc2yuc5yuc9",82,"yuc_SAS_hyp_exp2_002.tif:4147-2714",6.183
"2","shade","A","yuc2yuc5yuc9",83,"yuc_SAS_hyp_exp2_002.tif:4146-2827",5.25
"2","shade","A","yuc2yuc5yuc9",84,"yuc_SAS_hyp_exp2_002.tif:4226-3050",8.012
"2","shade","A","yuc2yuc5yuc9",85,"yuc_SAS_hyp_exp2_002.tif:4173-3180",5.171
"2","shade","A","yuc2yuc5yuc9",86,"yuc_SAS_hyp_exp2_002.tif:4196-3355",5.716
"2","shade","A","yuc2",87,"yuc_SAS_hyp_exp2_002.tif:4135-3714",5.059
"2","shade","A","yuc2",88,"yuc_SAS_hyp_exp2_002.tif:4141-3859",5.788
"2","shade","A","yuc2",89,"yuc_SAS_hyp_exp2_002.tif:4151-3960",5.616
"2","shade","A","yuc2",90,"yuc_SAS_hyp_exp2_002.tif:4176-4183",1.988
"2","shade","A","Col",91,"yuc_SAS_hyp_exp2_002.tif:4816-2831",2.432
"2","shade","A","Col",92,"yuc_SAS_hyp_exp2_002.tif:4748-2992",7.112
"2","shade","A","Col",93,"yuc_SAS_hyp_exp2_002.tif:4724-3115",7.058
"2","shade","A","Col",94,"yuc_SAS_hyp_exp2_002.tif:4785-3186",5.915
"2","shade","A","Col",95,"yuc_SAS_hyp_exp2_002.tif:4721-3297",7.101
"2","shade","A","Col",96,"yuc_SAS_hyp_exp2_002.tif:4731-3434",6.305
"2","shade","A","yuc8",97,"yuc_SAS_hyp_exp2_002.tif:4726-3717",5.435
"2","shade","A","yuc8",98,"yuc_SAS_hyp_exp2_002.tif:4739-3862",6.173
"2","shade","A","yuc8",99,"yuc_SAS_hyp_exp2_002.tif:4725-4013",4.406
"2","shade","A","yuc8",100,"yuc_SAS_hyp_exp2_002.tif:4720-4326",5.252
"5","sun","A","Col",1,"yuc_SAS_hyp_exp5_001.tif:0673-0228",2.218
"5","sun","A","Col",3,"yuc_SAS_hyp_exp5_001.tif:0633-0439",3.174
"5","sun","A","Col",4,"yuc_SAS_hyp_exp5_001.tif:0695-0725",3.927
"5","sun","A","Col",5,"yuc_SAS_hyp_exp5_001.tif:0671-0852",3.153
"5","sun","A","yuc9",6,"yuc_SAS_hyp_exp5_001.tif:0600-1158",4.724
"5","sun","A","yuc9",7,"yuc_SAS_hyp_exp5_001.tif:0580-1301",4.389
"5","sun","A","yuc9",8,"yuc_SAS_hyp_exp5_001.tif:0668-1478",3.312
"5","sun","A","yuc9",9,"yuc_SAS_hyp_exp5_001.tif:0588-1634",3.928
"5","sun","A","yuc9",10,"yuc_SAS_hyp_exp5_001.tif:0654-1789",4.247
"5","sun","A","yuc5",11,"yuc_SAS_hyp_exp5_001.tif:1224-1139",3.1
"5","sun","A","yuc5",12,"yuc_SAS_hyp_exp5_001.tif:1163-1284",4.351
"5","sun","A","yuc5",13,"yuc_SAS_hyp_exp5_001.tif:1236-1423",2.216
"5","sun","A","yuc5",15,"yuc_SAS_hyp_exp5_001.tif:1209-1792",3.142
"5","sun","A","yuc2yuc5yuc9",16,"yuc_SAS_hyp_exp5_001.tif:1811-0244",2.436
"5","sun","A","yuc2yuc5yuc9",17,"yuc_SAS_hyp_exp5_001.tif:1781-0674",2.695
"5","sun","A","yuc2yuc5yuc9",18,"yuc_SAS_hyp_exp5_001.tif:1782-0777",2.265
"5","sun","A","yuc8",19,"yuc_SAS_hyp_exp5_001.tif:0645-2452",1.378
"5","sun","A","yuc8",21,"yuc_SAS_hyp_exp5_001.tif:0642-2927",2.705
"5","sun","A","yuc8",22,"yuc_SAS_hyp_exp5_001.tif:0646-3067",1.587
"5","sun","A","yuc2",24,"yuc_SAS_hyp_exp5_001.tif:0630-3538",2.826
"5","sun","A","yuc2",25,"yuc_SAS_hyp_exp5_001.tif:0612-3709",2.076
"5","sun","A","yuc2",26,"yuc_SAS_hyp_exp5_001.tif:0636-3858",1.832
"5","sun","A","yuc2",27,"yuc_SAS_hyp_exp5_001.tif:0628-4035",1.212
"5","sun","A","yuc5yuc8yuc9",28,"yuc_SAS_hyp_exp5_001.tif:1191-3587",1.847
"5","sun","A","yuc5yuc8yuc9",29,"yuc_SAS_hyp_exp5_001.tif:1166-3717",3.836
"5","sun","A","yuc5yuc8yuc9",30,"yuc_SAS_hyp_exp5_001.tif:1194-3902",1.893
"5","sun","A","yuc5yuc8yuc9",31,"yuc_SAS_hyp_exp5_001.tif:1158-4041",3.182
"5","sun","A","Col",32,"yuc_SAS_hyp_exp5_001.tif:1762-2515",3.317
"5","sun","A","Col",33,"yuc_SAS_hyp_exp5_001.tif:1808-2614",3.153
"5","sun","A","Col",34,"yuc_SAS_hyp_exp5_001.tif:1802-2788",3.732
"5","sun","A","Col",35,"yuc_SAS_hyp_exp5_001.tif:1804-2968",1.8
"5","sun","A","Col",36,"yuc_SAS_hyp_exp5_001.tif:1789-3098",4.375
"5","sun","A","Col",37,"yuc_SAS_hyp_exp5_001.tif:1784-3447",1.357
"5","sun","A","yuc2yuc5yuc8yuc9",38,"yuc_SAS_hyp_exp5_001.tif:1792-3584",1.545
"5","sun","A","yuc2yuc5yuc8yuc9",39,"yuc_SAS_hyp_exp5_001.tif:1787-3753",2.012
"5","sun","A","yuc2yuc5yuc8yuc9",40,"yuc_SAS_hyp_exp5_001.tif:1796-3902",1.355
"5","sun","A","yuc2yuc5yuc8yuc9",41,"yuc_SAS_hyp_exp5_001.tif:1786-4048",1.447
"5","sun","B","yuc8",42,"yuc_SAS_hyp_exp5_001.tif:2961-0255",1.527
"5","sun","B","yuc8",43,"yuc_SAS_hyp_exp5_001.tif:2947-0376",0.916
"5","sun","B","yuc8",44,"yuc_SAS_hyp_exp5_001.tif:2946-0552",1.914
"5","sun","B","yuc8",45,"yuc_SAS_hyp_exp5_001.tif:2972-0757",1.901
"5","sun","B","yuc8",46,"yuc_SAS_hyp_exp5_001.tif:2970-0901",2.455
"5","sun","B","yuc2",47,"yuc_SAS_hyp_exp5_001.tif:2906-1253",3.241
"5","sun","B","yuc2",49,"yuc_SAS_hyp_exp5_001.tif:2951-1526",1.613
"5","sun","B","yuc2",50,"yuc_SAS_hyp_exp5_001.tif:2929-1695",0.935
"5","sun","B","yuc2",51,"yuc_SAS_hyp_exp5_001.tif:2928-1810",2.468
"5","sun","B","yuc5yuc8yuc9",52,"yuc_SAS_hyp_exp5_001.tif:3508-1216",3.24
"5","sun","B","yuc5yuc8yuc9",53,"yuc_SAS_hyp_exp5_001.tif:3484-1388",2.244
"5","sun","B","yuc5yuc8yuc9",54,"yuc_SAS_hyp_exp5_001.tif:3483-1514",1.27
"5","sun","B","yuc5yuc8yuc9",56,"yuc_SAS_hyp_exp5_001.tif:3480-1832",2.418
"5","sun","B","Col",57,"yuc_SAS_hyp_exp5_001.tif:4140-0260",3.224
"5","sun","B","Col",58,"yuc_SAS_hyp_exp5_001.tif:4139-0597",1.993
"5","sun","B","Col",59,"yuc_SAS_hyp_exp5_001.tif:4094-0746",3.192
"5","sun","B","Col",60,"yuc_SAS_hyp_exp5_001.tif:4164-0883",3.332
"5","sun","B","yuc2yuc5yuc8yuc9",61,"yuc_SAS_hyp_exp5_001.tif:4093-1215",1.663
"5","sun","B","yuc2yuc5yuc8yuc9",62,"yuc_SAS_hyp_exp5_001.tif:4086-1380",1.016
"5","sun","B","yuc2yuc5yuc8yuc9",63,"yuc_SAS_hyp_exp5_001.tif:4105-1528",1.491
"5","sun","B","yuc2yuc5yuc8yuc9",64,"yuc_SAS_hyp_exp5_001.tif:4056-1680",1.693
"5","sun","B","yuc2yuc5yuc8yuc9",65,"yuc_SAS_hyp_exp5_001.tif:4088-1828",1.355
"5","sun","B","Col",66,"yuc_SAS_hyp_exp5_001.tif:2966-2643",1.389
"5","sun","B","Col",67,"yuc_SAS_hyp_exp5_001.tif:2917-2856",3.998
"5","sun","B","Col",68,"yuc_SAS_hyp_exp5_001.tif:2910-3009",4.107
"5","sun","B","Col",69,"yuc_SAS_hyp_exp5_001.tif:2922-3154",3.661
"5","sun","B","yuc9",70,"yuc_SAS_hyp_exp5_001.tif:2909-3441",3.948
"5","sun","B","yuc9",71,"yuc_SAS_hyp_exp5_001.tif:2903-3576",5.145
"5","sun","B","yuc9",72,"yuc_SAS_hyp_exp5_001.tif:2897-3736",3.723
"5","sun","B","yuc9",73,"yuc_SAS_hyp_exp5_001.tif:2892-3920",3.805
"5","sun","B","yuc9",74,"yuc_SAS_hyp_exp5_001.tif:2920-4030",4.058
"5","sun","B","yuc5",75,"yuc_SAS_hyp_exp5_001.tif:3460-3566",4.064
"5","sun","B","yuc5",76,"yuc_SAS_hyp_exp5_001.tif:3469-3768",2.89
"5","sun","B","yuc5",77,"yuc_SAS_hyp_exp5_001.tif:3458-4077",1.176
"5","sun","B","yuc2yuc5yuc9",78,"yuc_SAS_hyp_exp5_001.tif:4068-2532",1.233
"5","sun","B","yuc2yuc5yuc9",79,"yuc_SAS_hyp_exp5_001.tif:4068-2667",2.083
"5","sun","B","yuc2yuc5yuc9",80,"yuc_SAS_hyp_exp5_001.tif:4048-2814",2.5
"5","sun","B","yuc2yuc5yuc9",82,"yuc_SAS_hyp_exp5_001.tif:4048-3159",2.602
"5","shade","A","yuc8",1,"yuc_SAS_hyp_exp5_002.tif:0695-0219",3.371
"5","shade","A","yuc8",3,"yuc_SAS_hyp_exp5_002.tif:0676-0520",4.396
"5","shade","A","yuc8",4,"yuc_SAS_hyp_exp5_002.tif:0709-0665",3.272
"5","shade","A","yuc8",5,"yuc_SAS_hyp_exp5_002.tif:0738-0891",4.309
"5","shade","A","yuc2",6,"yuc_SAS_hyp_exp5_002.tif:0675-1163",2.288
"5","shade","A","yuc2",7,"yuc_SAS_hyp_exp5_002.tif:0699-1203",1.611
"5","shade","A","yuc2",8,"yuc_SAS_hyp_exp5_002.tif:0695-1356",3.243
"5","shade","A","yuc2",9,"yuc_SAS_hyp_exp5_002.tif:0696-1502",3.537
"5","shade","A","yuc2",10,"yuc_SAS_hyp_exp5_002.tif:0750-1673",3.187
"5","shade","A","yuc2",11,"yuc_SAS_hyp_exp5_002.tif:0676-1826",5.452
"5","shade","A","yuc5yuc8yuc9",12,"yuc_SAS_hyp_exp5_002.tif:1253-1259",5.016
"5","shade","A","yuc5yuc8yuc9",13,"yuc_SAS_hyp_exp5_002.tif:1202-1511",4.785
"5","shade","A","yuc5yuc8yuc9",14,"yuc_SAS_hyp_exp5_002.tif:1240-1666",4.38
"5","shade","A","yuc5yuc8yuc9",15,"yuc_SAS_hyp_exp5_002.tif:1218-1835",5.023
"5","shade","A","Col",16,"yuc_SAS_hyp_exp5_002.tif:1889-0290",5.022
"5","shade","A","Col",17,"yuc_SAS_hyp_exp5_002.tif:1829-0414",6.919
"5","shade","A","Col",18,"yuc_SAS_hyp_exp5_002.tif:1810-0588",7.823
"5","shade","A","Col",19,"yuc_SAS_hyp_exp5_002.tif:1819-0737",7.933
"5","shade","A","Col",20,"yuc_SAS_hyp_exp5_002.tif:1824-0881",7.046
"5","shade","A","yuc2yuc5yuc8yuc9",21,"yuc_SAS_hyp_exp5_002.tif:1827-1210",1.947
"5","shade","A","yuc2yuc5yuc8yuc9",22,"yuc_SAS_hyp_exp5_002.tif:1832-1362",1.355
"5","shade","A","yuc2yuc5yuc8yuc9",23,"yuc_SAS_hyp_exp5_002.tif:1833-1532",1.644
"5","shade","A","yuc2yuc5yuc8yuc9",24,"yuc_SAS_hyp_exp5_002.tif:1829-1671",2.159
"5","shade","A","Col",25,"yuc_SAS_hyp_exp5_002.tif:0561-2513",1.993
"5","shade","A","Col",26,"yuc_SAS_hyp_exp5_002.tif:0522-2654",6.318
"5","shade","A","Col",27,"yuc_SAS_hyp_exp5_002.tif:0557-2834",5.981
"5","shade","A","Col",28,"yuc_SAS_hyp_exp5_002.tif:0529-2969",6.306
"5","shade","A","Col",29,"yuc_SAS_hyp_exp5_002.tif:0523-3101",6.181
"5","shade","A","yuc9",30,"yuc_SAS_hyp_exp5_002.tif:0498-3451",5.887
"5","shade","A","yuc9",31,"yuc_SAS_hyp_exp5_002.tif:0523-3574",6.292
"5","shade","A","yuc9",32,"yuc_SAS_hyp_exp5_002.tif:0503-3713",6.44
"5","shade","A","yuc9",34,"yuc_SAS_hyp_exp5_002.tif:0527-4078",5.785
"5","shade","A","yuc5",35,"yuc_SAS_hyp_exp5_002.tif:1061-3402",4.942
"5","shade","A","yuc5",37,"yuc_SAS_hyp_exp5_002.tif:1101-3755",3.781
"5","shade","A","yuc5",38,"yuc_SAS_hyp_exp5_002.tif:1048-3896",6.051
"5","shade","A","yuc5",39,"yuc_SAS_hyp_exp5_002.tif:1091-4070",1.644
"5","shade","A","yuc2yuc5yuc9",40,"yuc_SAS_hyp_exp5_002.tif:1673-2515",6.194
"5","shade","A","yuc2yuc5yuc9",41,"yuc_SAS_hyp_exp5_002.tif:1733-2682",6.86
"5","shade","A","yuc2yuc5yuc9",42,"yuc_SAS_hyp_exp5_002.tif:1649-2799",5.964
"5","shade","A","yuc2yuc5yuc9",43,"yuc_SAS_hyp_exp5_002.tif:1702-2967",5.997
"5","shade","A","yuc2yuc5yuc9",44,"yuc_SAS_hyp_exp5_002.tif:1672-3195",5.427
"5","shade","B","Col",45,"yuc_SAS_hyp_exp5_002.tif:3026-0263",5.715
"5","shade","B","Col",46,"yuc_SAS_hyp_exp5_002.tif:2971-0449",7.404
"5","shade","B","Col",47,"yuc_SAS_hyp_exp5_002.tif:2983-0570",6.245
"5","shade","B","Col",48,"yuc_SAS_hyp_exp5_002.tif:2982-0728",6.88
"5","shade","B","yuc9",49,"yuc_SAS_hyp_exp5_002.tif:2867-1148",6.168
"5","shade","B","yuc9",50,"yuc_SAS_hyp_exp5_002.tif:2925-1331",6.364
"5","shade","B","yuc9",51,"yuc_SAS_hyp_exp5_002.tif:2954-1495",5.477
"5","shade","B","yuc9",52,"yuc_SAS_hyp_exp5_002.tif:2954-1642",6.459
"5","shade","B","yuc9",53,"yuc_SAS_hyp_exp5_002.tif:2931-1788",6.47
"5","shade","B","yuc5",54,"yuc_SAS_hyp_exp5_002.tif:3504-1171",3.908
"5","shade","B","yuc5",55,"yuc_SAS_hyp_exp5_002.tif:3463-1312",6.014
"5","shade","B","yuc5",56,"yuc_SAS_hyp_exp5_002.tif:3469-1482",7.211
"5","shade","B","yuc5",57,"yuc_SAS_hyp_exp5_002.tif:3468-1623",7.113
"5","shade","B","yuc5",58,"yuc_SAS_hyp_exp5_002.tif:3520-1824",6.934
"5","shade","B","yuc2yuc5yuc9",59,"yuc_SAS_hyp_exp5_002.tif:4115-0241",5.56
"5","shade","B","yuc2yuc5yuc9",60,"yuc_SAS_hyp_exp5_002.tif:4171-0366",6.05
"5","shade","B","yuc2yuc5yuc9",61,"yuc_SAS_hyp_exp5_002.tif:4080-0560",6.944
"5","shade","B","yuc2yuc5yuc9",62,"yuc_SAS_hyp_exp5_002.tif:4088-0698",5.063
"5","shade","B","yuc8",64,"yuc_SAS_hyp_exp5_002.tif:2934-2507",3.121
"5","shade","B","yuc8",65,"yuc_SAS_hyp_exp5_002.tif:2916-2663",4.601
"5","shade","B","yuc8",66,"yuc_SAS_hyp_exp5_002.tif:2949-2847",2.479
"5","shade","B","yuc8",67,"yuc_SAS_hyp_exp5_002.tif:2907-3006",5.165
"5","shade","B","yuc2",68,"yuc_SAS_hyp_exp5_002.tif:2929-3695",5.124
"5","shade","B","yuc2",69,"yuc_SAS_hyp_exp5_002.tif:2914-3821",5.088
"5","shade","B","yuc2",70,"yuc_SAS_hyp_exp5_002.tif:2948-3954",3.057
"5","shade","B","yuc2",71,"yuc_SAS_hyp_exp5_002.tif:2916-4140",5.901
"5","shade","B","yuc5yuc8yuc9",73,"yuc_SAS_hyp_exp5_002.tif:3448-3423",4.916
"5","shade","B","yuc5yuc8yuc9",74,"yuc_SAS_hyp_exp5_002.tif:3445-3587",6.139
"5","shade","B","yuc5yuc8yuc9",75,"yuc_SAS_hyp_exp5_002.tif:3479-3730",1.947
"5","shade","B","yuc5yuc8yuc9",76,"yuc_SAS_hyp_exp5_002.tif:3429-3855",6.137
"5","shade","B","yuc5yuc8yuc9",77,"yuc_SAS_hyp_exp5_002.tif:3453-4010",5.909
"5","shade","B","Col",78,"yuc_SAS_hyp_exp5_002.tif:4107-2529",4.402
"5","shade","B","Col",79,"yuc_SAS_hyp_exp5_002.tif:4069-2644",6.945
"5","shade","B","Col",80,"yuc_SAS_hyp_exp5_002.tif:4061-2826",7.428
"5","shade","B","Col",81,"yuc_SAS_hyp_exp5_002.tif:4131-2956",3.203
"5","shade","B","Col",82,"yuc_SAS_hyp_exp5_002.tif:4085-3150",6.148
"5","shade","B","yuc2yuc5yuc8yuc9",83,"yuc_SAS_hyp_exp5_002.tif:4099-3472",1.81
"5","shade","B","yuc2yuc5yuc8yuc9",84,"yuc_SAS_hyp_exp5_002.tif:4070-3624",1.668
"5","shade","B","yuc2yuc5yuc8yuc9",85,"yuc_SAS_hyp_exp5_002.tif:4098-3770",2.032
"5","shade","B","yuc2yuc5yuc8yuc9",86,"yuc_SAS_hyp_exp5_002.tif:4112-3913",1.745
"6","sun","A","yuc2yuc5yuc9",1,"yuc_SAS_hyp_exp6_001.tif:2828-0520",2.448
"6","sun","A","yuc2yuc5yuc9",2,"yuc_SAS_hyp_exp6_001.tif:2866-0677",1.422
"6","sun","A","yuc2yuc5yuc9",3,"yuc_SAS_hyp_exp6_001.tif:2830-0805",2.783
"6","sun","A","yuc2yuc5yuc9",4,"yuc_SAS_hyp_exp6_001.tif:2820-0922",3.482
"6","sun","A","Col",5,"yuc_SAS_hyp_exp6_001.tif:2869-1601",2.76
"6","sun","A","Col",7,"yuc_SAS_hyp_exp6_001.tif:2872-1871",2.799
"6","sun","A","yuc2",13,"yuc_SAS_hyp_exp6_001.tif:3396-1454",2.629
"6","sun","A","yuc2",14,"yuc_SAS_hyp_exp6_001.tif:3410-1597",1.329
"6","sun","A","yuc2",15,"yuc_SAS_hyp_exp6_001.tif:3404-1713",1.155
"6","sun","A","yuc2",16,"yuc_SAS_hyp_exp6_001.tif:3420-1851",1.908
"6","sun","A","yuc2",17,"yuc_SAS_hyp_exp6_001.tif:3404-2003",1.304
"6","sun","A","yuc2yuc5yuc8yuc9",18,"yuc_SAS_hyp_exp6_001.tif:3940-0495",1.473
"6","sun","A","yuc2yuc5yuc8yuc9",19,"yuc_SAS_hyp_exp6_001.tif:3947-0693",1.397
"6","sun","A","yuc2yuc5yuc8yuc9",20,"yuc_SAS_hyp_exp6_001.tif:3941-0990",1.318
"6","sun","A","yuc1yuc4",21,"yuc_SAS_hyp_exp6_001.tif:4007-1399",1.678
"6","sun","A","yuc1yuc4",23,"yuc_SAS_hyp_exp6_001.tif:4023-1753",2.431
"6","sun","A","yuc1yuc4",25,"yuc_SAS_hyp_exp6_001.tif:4037-2011",3.325
"6","sun","B","Col",27,"yuc_SAS_hyp_exp6_001.tif:2808-3842",1.707
"6","sun","B","Col",28,"yuc_SAS_hyp_exp6_001.tif:2823-4146",1.192
"6","sun","B","Col",29,"yuc_SAS_hyp_exp6_001.tif:2811-4296",1.402
"6","sun","B","yuc2",32,"yuc_SAS_hyp_exp6_001.tif:3411-3812",1.727
"6","sun","B","yuc2",33,"yuc_SAS_hyp_exp6_001.tif:3394-3973",2.194
"6","sun","B","yuc2",34,"yuc_SAS_hyp_exp6_001.tif:3412-4150",1.371
"6","sun","B","yuc2yuc5yuc8yuc9",36,"yuc_SAS_hyp_exp6_001.tif:3919-2730",1.197
"6","sun","B","yuc2yuc5yuc8yuc9",38,"yuc_SAS_hyp_exp6_001.tif:3921-3057",1.228
"6","sun","B","yuc2yuc5yuc8yuc9",40,"yuc_SAS_hyp_exp6_001.tif:3943-3376",0.72
"6","sun","B","yuc1yuc4",42,"yuc_SAS_hyp_exp6_001.tif:3991-3992",1.251
"6","shade","A","yuc2yuc5yuc9",43,"yuc_SAS_hyp_exp6_001.tif:0556-0742",3.792
"6","shade","A","yuc2yuc5yuc9",44,"yuc_SAS_hyp_exp6_001.tif:0483-0888",6.568
"6","shade","A","yuc2yuc5yuc9",45,"yuc_SAS_hyp_exp6_001.tif:0484-0995",5.317
"6","shade","A","yuc2yuc5yuc9",46,"yuc_SAS_hyp_exp6_001.tif:0476-1041",5.732
"6","shade","A","yuc2yuc5yuc9",47,"yuc_SAS_hyp_exp6_001.tif:0494-1166",6.349
"6","shade","A","Col",48,"yuc_SAS_hyp_exp6_001.tif:0528-1498",2.092
"6","shade","A","Col",49,"yuc_SAS_hyp_exp6_001.tif:0539-1659",5.76
"6","shade","A","Col",50,"yuc_SAS_hyp_exp6_001.tif:0510-1918",3.02
"6","shade","A","yuc2",57,"yuc_SAS_hyp_exp6_001.tif:1053-1487",3.5
"6","shade","A","yuc2",58,"yuc_SAS_hyp_exp6_001.tif:1087-1603",2.316
"6","shade","A","yuc2",59,"yuc_SAS_hyp_exp6_001.tif:1038-1749",4.897
"6","shade","A","yuc2",61,"yuc_SAS_hyp_exp6_001.tif:1066-2054",1.742
"6","shade","A","yuc2yuc5yuc8yuc9",62,"yuc_SAS_hyp_exp6_001.tif:1602-0854",0.822
"6","shade","A","yuc2yuc5yuc8yuc9",64,"yuc_SAS_hyp_exp6_001.tif:1619-1158",1.355
"6","shade","A","yuc1yuc4",65,"yuc_SAS_hyp_exp6_001.tif:1685-1417",1.02
"6","shade","A","yuc1yuc4",67,"yuc_SAS_hyp_exp6_001.tif:1635-1745",4.624
"6","shade","A","yuc1yuc4",68,"yuc_SAS_hyp_exp6_001.tif:1679-1903",1.612
"6","shade","A","yuc1yuc4",69,"yuc_SAS_hyp_exp6_001.tif:1615-2078",5.554
"6","shade","B","yuc2yuc5yuc9",70,"yuc_SAS_hyp_exp6_001.tif:0469-2933",3.764
"6","shade","B","yuc2yuc5yuc9",71,"yuc_SAS_hyp_exp6_001.tif:0491-3057",2.02
"6","shade","B","yuc2yuc5yuc9",72,"yuc_SAS_hyp_exp6_001.tif:0468-3211",1.785
"6","shade","B","yuc2yuc5yuc9",73,"yuc_SAS_hyp_exp6_001.tif:0497-3364",1.533
"6","shade","B","Col",75,"yuc_SAS_hyp_exp6_001.tif:0491-3922",1.697
"6","shade","B","Col",77,"yuc_SAS_hyp_exp6_001.tif:0490-4234",2.034
"6","shade","B","Col",78,"yuc_SAS_hyp_exp6_001.tif:0472-4332",2.156
"6","shade","B","yuc2",84,"yuc_SAS_hyp_exp6_001.tif:1043-3748",1.55
"6","shade","B","yuc2",85,"yuc_SAS_hyp_exp6_001.tif:1043-3887",2.503
"6","shade","B","yuc2",86,"yuc_SAS_hyp_exp6_001.tif:1004-4067",3.96
"6","shade","B","yuc2",87,"yuc_SAS_hyp_exp6_001.tif:0959-4376",7.354
"6","shade","B","yuc2yuc5yuc8yuc9",88,"yuc_SAS_hyp_exp6_001.tif:1591-2821",1.25
"6","shade","B","yuc1yuc4",93,"yuc_SAS_hyp_exp6_001.tif:1595-3901",4.233
"6","shade","B","yuc1yuc4",94,"yuc_SAS_hyp_exp6_001.tif:1589-4075",5.283
"6","shade","B","yuc1yuc4",95,"yuc_SAS_hyp_exp6_001.tif:1574-4229",5.807
"6","shade","B","yuc1yuc4",96,"yuc_SAS_hyp_exp6_001.tif:1617-4425",4.643
"6","shade","A","yuc8",1,"yuc_SAS_hyp_exp6_002.tif:0346-0706",5.936
"6","shade","A","yuc8",2,"yuc_SAS_hyp_exp6_002.tif:0357-1006",5.472
"6","shade","A","yuc1yuc4",3,"yuc_SAS_hyp_exp6_002.tif:0425-1562",3.863
"6","shade","A","yuc1yuc4",4,"yuc_SAS_hyp_exp6_002.tif:0441-1699",3.945
"6","shade","A","yuc1yuc4",5,"yuc_SAS_hyp_exp6_002.tif:0406-1904",4.351
"6","shade","A","yuc1yuc4",6,"yuc_SAS_hyp_exp6_002.tif:0471-2012",1.365
"6","shade","A","yuc5",7,"yuc_SAS_hyp_exp6_002.tif:0988-0614",1.526
"6","shade","A","yuc5",8,"yuc_SAS_hyp_exp6_002.tif:0992-0785",1.888
"6","shade","A","yuc5",9,"yuc_SAS_hyp_exp6_002.tif:0980-0917",3.479
"6","shade","A","yuc5",10,"yuc_SAS_hyp_exp6_002.tif:0998-1091",4.023
"6","shade","A","yuc5",11,"yuc_SAS_hyp_exp6_002.tif:1013-1280",1.553
"6","shade","A","yuc9",12,"yuc_SAS_hyp_exp6_002.tif:0970-1593",7.421
"6","shade","A","yuc9",13,"yuc_SAS_hyp_exp6_002.tif:1035-1758",7.378
"6","shade","A","yuc9",14,"yuc_SAS_hyp_exp6_002.tif:0937-1762",7.535
"6","shade","A","yuc9",15,"yuc_SAS_hyp_exp6_002.tif:0962-1894",6.281
"6","shade","A","yuc9",16,"yuc_SAS_hyp_exp6_002.tif:1068-2244",5.562
"6","shade","A","yuc5yuc8yuc9",17,"yuc_SAS_hyp_exp6_002.tif:1617-0671",1.794
"6","shade","A","yuc5yuc8yuc9",18,"yuc_SAS_hyp_exp6_002.tif:1638-0847",2.067
"6","shade","A","yuc5yuc8yuc9",19,"yuc_SAS_hyp_exp6_002.tif:1553-1007",7.1
"6","shade","A","yuc5yuc8yuc9",20,"yuc_SAS_hyp_exp6_002.tif:1581-1042",3.434
"6","shade","A","yuc5yuc8yuc9",21,"yuc_SAS_hyp_exp6_002.tif:1621-1219",3.632
"6","shade","A","yuc5yuc8yuc9",22,"yuc_SAS_hyp_exp6_002.tif:1629-1317",2.29
"6","shade","B","yuc8",23,"yuc_SAS_hyp_exp6_002.tif:0257-2967",4.293
"6","shade","B","yuc8",24,"yuc_SAS_hyp_exp6_002.tif:0248-3134",3.832
"6","shade","B","yuc8",25,"yuc_SAS_hyp_exp6_002.tif:0275-3250",1.307
"6","shade","B","yuc8",26,"yuc_SAS_hyp_exp6_002.tif:0273-3418",3.247
"6","shade","B","yuc8",27,"yuc_SAS_hyp_exp6_002.tif:0292-3575",1.483
"6","shade","B","yuc1yuc4",28,"yuc_SAS_hyp_exp6_002.tif:0280-3803",5.552
"6","shade","B","yuc1yuc4",30,"yuc_SAS_hyp_exp6_002.tif:0340-4311",1.862
"6","shade","B","yuc5",31,"yuc_SAS_hyp_exp6_002.tif:0865-2917",0.881
"6","shade","B","yuc5",32,"yuc_SAS_hyp_exp6_002.tif:0872-3100",3.099
"6","shade","B","yuc5",33,"yuc_SAS_hyp_exp6_002.tif:0855-3217",3.695
"6","shade","B","yuc5",34,"yuc_SAS_hyp_exp6_002.tif:0880-3389",1.768
"6","shade","B","yuc5",35,"yuc_SAS_hyp_exp6_002.tif:0886-3527",2.022
"6","shade","B","yuc9",36,"yuc_SAS_hyp_exp6_002.tif:0932-3862",7.569
"6","shade","B","yuc9",37,"yuc_SAS_hyp_exp6_002.tif:0889-4007",3.244
"6","shade","B","yuc9",38,"yuc_SAS_hyp_exp6_002.tif:0822-4107",7.823
"6","shade","B","yuc9",39,"yuc_SAS_hyp_exp6_002.tif:0876-4227",7.404
"6","shade","B","yuc9",40,"yuc_SAS_hyp_exp6_002.tif:0810-4454",8.287
"6","shade","B","yuc5yuc8yuc9",41,"yuc_SAS_hyp_exp6_002.tif:1488-2928",1.821
"6","shade","B","yuc5yuc8yuc9",42,"yuc_SAS_hyp_exp6_002.tif:1489-3084",1.491
"6","shade","B","yuc5yuc8yuc9",43,"yuc_SAS_hyp_exp6_002.tif:1493-3251",2.09
"6","shade","B","yuc5yuc8yuc9",44,"yuc_SAS_hyp_exp6_002.tif:1495-3420",1.475
"6","shade","B","yuc5yuc8yuc9",45,"yuc_SAS_hyp_exp6_002.tif:1490-3549",1.863
"6","sun","A","yuc8",46,"yuc_SAS_hyp_exp6_002.tif:2715-0522",2.291
"6","sun","A","yuc8",47,"yuc_SAS_hyp_exp6_002.tif:2724-0705",2.507
"6","sun","A","yuc8",48,"yuc_SAS_hyp_exp6_002.tif:2718-0867",1.687
"6","sun","A","yuc8",49,"yuc_SAS_hyp_exp6_002.tif:2728-1002",1.233
"6","sun","A","yuc8",50,"yuc_SAS_hyp_exp6_002.tif:2697-1182",0.917
"6","sun","A","yuc1yuc4",51,"yuc_SAS_hyp_exp6_002.tif:2782-1509",2.076
"6","sun","A","yuc1yuc4",52,"yuc_SAS_hyp_exp6_002.tif:2790-1641",1.977
"6","sun","A","yuc1yuc4",53,"yuc_SAS_hyp_exp6_002.tif:2760-1840",1.893
"6","sun","A","yuc1yuc4",54,"yuc_SAS_hyp_exp6_002.tif:2745-1989",1.819
"6","sun","A","yuc1yuc4",55,"yuc_SAS_hyp_exp6_002.tif:2756-2119",2.344
"6","sun","A","yuc5",56,"yuc_SAS_hyp_exp6_002.tif:3345-0635",1.524
"6","sun","A","yuc5",57,"yuc_SAS_hyp_exp6_002.tif:3338-0768",1.781
"6","sun","A","yuc5",59,"yuc_SAS_hyp_exp6_002.tif:3354-1071",1.072
"6","sun","A","yuc5",60,"yuc_SAS_hyp_exp6_002.tif:3299-1159",4.605
"6","sun","A","yuc9",61,"yuc_SAS_hyp_exp6_002.tif:3310-1474",3.658
"6","sun","A","yuc9",62,"yuc_SAS_hyp_exp6_002.tif:3300-1656",4.217
"6","sun","A","yuc9",63,"yuc_SAS_hyp_exp6_002.tif:3325-1825",3.208
"6","sun","A","yuc9",64,"yuc_SAS_hyp_exp6_002.tif:3284-1914",5.474
"6","sun","A","yuc9",65,"yuc_SAS_hyp_exp6_002.tif:3275-1985",4.198
"6","sun","A","yuc9",66,"yuc_SAS_hyp_exp6_002.tif:3296-2078",4.605
"6","sun","A","yuc5yuc8yuc9",67,"yuc_SAS_hyp_exp6_002.tif:3941-0549",1.496
"6","sun","A","yuc5yuc8yuc9",68,"yuc_SAS_hyp_exp6_002.tif:3942-0726",1.345
"6","sun","A","yuc5yuc8yuc9",69,"yuc_SAS_hyp_exp6_002.tif:3931-0880",1.213
"6","sun","A","yuc5yuc8yuc9",70,"yuc_SAS_hyp_exp6_002.tif:3937-1020",1.634
"6","sun","B","yuc8",72,"yuc_SAS_hyp_exp6_002.tif:2610-3000",1.339
"6","sun","B","yuc8",73,"yuc_SAS_hyp_exp6_002.tif:2623-3131",1.168
"6","sun","B","yuc8",74,"yuc_SAS_hyp_exp6_002.tif:2586-3293",1.778
"6","sun","B","yuc5",75,"yuc_SAS_hyp_exp6_002.tif:3226-2845",1.587
"6","sun","B","yuc5",76,"yuc_SAS_hyp_exp6_002.tif:3213-3343",1.433
"6","sun","B","yuc5",77,"yuc_SAS_hyp_exp6_002.tif:3225-3503",2.006
"6","sun","B","yuc9",78,"yuc_SAS_hyp_exp6_002.tif:3212-3770",2.099
"6","sun","B","yuc9",79,"yuc_SAS_hyp_exp6_002.tif:3216-3947",1.257
"6","sun","B","yuc9",80,"yuc_SAS_hyp_exp6_002.tif:3194-4124",1.603
"6","sun","B","yuc9",81,"yuc_SAS_hyp_exp6_002.tif:3209-4254",1.479
"6","sun","B","yuc9",82,"yuc_SAS_hyp_exp6_002.tif:3204-4392",1.358
